groupId,group_size,num_items,strategy,gold_label,mistral,phi
751,4,50,LMS,"['item_21', 'item_20', 'item_25', 'item_14', 'item_44', 'item_17', 'item_24', 'item_23', 'item_1', 'item_13']","['item_45', 'item_21', 'item_38', 'item_46', 'item_49', 'item_20', 'item_37', 'item_48', 'item_31', 'item_4']","['item_16', 'item_34', 'item_14', 'item_28', 'item_21', 'item_41', 'item_10', 'item_25', 'item_32', 'item_40']"
752,2,50,LMS,"['item_33', 'item_48', 'item_29', 'item_13', 'item_14', 'item_40', 'item_30', 'item_12', 'item_28', 'item_2']","['item_30', 'item_17', 'item_48', 'item_26', 'item_50', 'item_33', 'item_39', 'item_13', 'item_22', 'item_3']","['item_3', 'item_33', 'item_30', 'item_29', 'item_13', 'item_6', 'item_39', 'item_36', 'item_40', 'item_12']"
753,4,50,ADD,"['item_21', 'item_17', 'item_35', 'item_31', 'item_11', 'item_45', 'item_44', 'item_24', 'item_12', 'item_30']","['item_20', 'item_15', 'item_38', 'item_46', 'item_39', 'item_47', 'item_23', 'item_31', 'item_44', 'item_3']","['item_10', 'item_5', 'item_7', 'item_3', 'item_2', 'item_8', 'item_4', 'item_50', 'item_44', 'item_45']"
754,8,50,APP,"['item_1', 'item_35', 'item_25', 'item_2', 'item_16', 'item_7', 'item_46', 'item_23', 'item_27', 'item_29']","['item_37', 'item_46', 'item_48', 'item_49', 'item_50', 'item_41', 'item_43', 'item_42', 'item_47', 'item_40']","['item_35', 'item_46', 'item_47', 'item_48', 'item_34', 'item_36', 'item_39', 'item_40', 'item_42', 'item_49']"
756,2,50,ADD,"['item_13', 'item_29', 'item_22', 'item_1', 'item_21', 'item_46', 'item_44', 'item_38', 'item_33', 'item_24']","['item_21', 'item_22', 'item_47', 'item_39', 'item_40', 'item_50', 'item_13', 'item_46', 'item_49', 'item_38']","['item_13', 'item_22', 'item_29', 'item_21', 'item_1', 'item_9', 'item_19', 'item_24', 'item_33', 'item_34']"
757,8,50,ADD,"['item_10', 'item_32', 'item_34', 'item_30', 'item_21', 'item_20', 'item_50', 'item_12', 'item_45', 'item_2']","['item_43', 'item_40', 'item_46', 'item_48', 'item_50', 'item_41', 'item_42', 'item_49', 'item_47', 'item_44']","['item_34', 'item_50', 'item_45', 'item_38', 'item_48', 'item_39', 'item_42', 'item_46', 'item_37', 'item_44']"
758,2,50,LMS,"['item_17', 'item_18', 'item_32', 'item_31', 'item_46', 'item_21', 'item_22', 'item_12', 'item_34', 'item_23']","['item_17', 'item_10', 'item_42', 'item_31', 'item_35', 'item_46', 'item_2', 'item_9', 'item_18', 'item_32']","['item_17', 'item_18', 'item_21', 'item_22', 'item_12', 'item_15', 'item_23', 'item_29', 'item_32', 'item_40']"
760,8,50,ADD,"['item_8', 'item_36', 'item_32', 'item_33', 'item_2', 'item_27', 'item_46', 'item_48', 'item_38', 'item_44']","['item_46', 'item_47', 'item_48', 'item_38', 'item_40', 'item_41', 'item_49', 'item_50', 'item_42', 'item_43']","['item_36', 'item_33', 'item_46', 'item_48', 'item_38', 'item_41', 'item_44', 'item_39', 'item_47', 'item_49']"
762,4,50,MPL,"['item_24', 'item_6', 'item_47', 'item_28', 'item_27', 'item_43', 'item_25', 'item_4', 'item_23', 'item_22']","['item_22', 'item_19', 'item_48', 'item_37', 'item_20', 'item_5', 'item_26', 'item_11', 'item_43', 'item_3']","['item_4', 'item_6', 'item_8', 'item_9', 'item_1', 'item_23', 'item_43', 'item_12', 'item_18', 'item_30']"
763,8,50,APP,"['item_39', 'item_6', 'item_15', 'item_1', 'item_41', 'item_21', 'item_17', 'item_12', 'item_44', 'item_43']","['item_37', 'item_41', 'item_40', 'item_48', 'item_50', 'item_46', 'item_49', 'item_42', 'item_43', 'item_44']","['item_39', 'item_41', 'item_44', 'item_37', 'item_43', 'item_40', 'item_47', 'item_49', 'item_50', 'item_31']"
764,2,50,ADD,"['item_33', 'item_44', 'item_28', 'item_6', 'item_17', 'item_40', 'item_4', 'item_30', 'item_46', 'item_43']","['item_8', 'item_6', 'item_4', 'item_27', 'item_17', 'item_33', 'item_28', 'item_44', 'item_43', 'item_10']","['item_33', 'item_4', 'item_6', 'item_17', 'item_28', 'item_8', 'item_30', 'item_10', 'item_18', 'item_27']"
765,8,50,APP,"['item_13', 'item_28', 'item_5', 'item_2', 'item_50', 'item_27', 'item_38', 'item_35', 'item_41', 'item_33']","['item_37', 'item_41', 'item_38', 'item_40', 'item_46', 'item_49', 'item_42', 'item_45', 'item_43', 'item_44']","['item_32', 'item_38', 'item_31', 'item_33', 'item_35', 'item_39', 'item_41', 'item_45', 'item_36', 'item_37']"
766,2,50,MPL,"['item_1', 'item_21', 'item_34', 'item_33', 'item_10', 'item_43', 'item_24', 'item_48', 'item_16', 'item_17']","['item_10', 'item_24', 'item_35', 'item_48', 'item_21', 'item_16', 'item_9', 'item_23', 'item_17', 'item_4']","['item_1', 'item_10', 'item_16', 'item_21', 'item_24', 'item_2', 'item_7', 'item_13', 'item_14', 'item_17']"
768,8,50,ADD,"['item_19', 'item_25', 'item_28', 'item_4', 'item_37', 'item_32', 'item_48', 'item_13', 'item_26', 'item_35']","['item_48', 'item_49', 'item_50', 'item_37', 'item_46', 'item_41', 'item_42', 'item_43', 'item_40', 'item_47']","['item_37', 'item_48', 'item_35', 'item_33', 'item_34', 'item_43', 'item_47', 'item_45', 'item_36', 'item_40']"
770,4,50,ADD,"['item_46', 'item_17', 'item_33', 'item_26', 'item_16', 'item_13', 'item_22', 'item_41', 'item_30', 'item_14']","['item_6', 'item_17', 'item_33', 'item_48', 'item_20', 'item_14', 'item_39', 'item_50', 'item_47', 'item_10']","['item_9', 'item_6', 'item_3', 'item_4', 'item_2', 'item_5', 'item_8', 'item_10', 'item_46', 'item_43']"
771,2,50,MPL,"['item_9', 'item_43', 'item_3', 'item_37', 'item_39', 'item_27', 'item_4', 'item_44', 'item_5', 'item_6']","['item_27', 'item_35', 'item_10', 'item_49', 'item_38', 'item_26', 'item_32', 'item_40', 'item_37', 'item_50']","['item_3', 'item_4', 'item_5', 'item_6', 'item_9', 'item_27', 'item_13', 'item_25', 'item_1', 'item_2']"
772,4,50,MPL,"['item_1', 'item_22', 'item_42', 'item_33', 'item_45', 'item_31', 'item_30', 'item_48', 'item_26', 'item_25']","['item_25', 'item_17', 'item_30', 'item_48', 'item_9', 'item_26', 'item_11', 'item_33', 'item_43', 'item_38']","['item_1', 'item_6', 'item_8', 'item_15', 'item_17', 'item_22', 'item_23', 'item_24', 'item_25', 'item_26']"
774,2,50,APP,"['item_36', 'item_24', 'item_30', 'item_12', 'item_50', 'item_27', 'item_22', 'item_23', 'item_43', 'item_2']","['item_12', 'item_14', 'item_33', 'item_24', 'item_50', 'item_6', 'item_19', 'item_17', 'item_48', 'item_30']","['item_12', 'item_24', 'item_33', 'item_37', 'item_44', 'item_50', 'item_2', 'item_3', 'item_4', 'item_5']"
775,2,50,ADD,"['item_26', 'item_18', 'item_20', 'item_36', 'item_31', 'item_21', 'item_50', 'item_32', 'item_13', 'item_38']","['item_28', 'item_32', 'item_18', 'item_40', 'item_37', 'item_50', 'item_38', 'item_49', 'item_26', 'item_34']","['item_18', 'item_20', 'item_26', 'item_21', 'item_31', 'item_36', 'item_13', 'item_32', 'item_41', 'item_46']"
776,2,50,ADD,"['item_15', 'item_8', 'item_25', 'item_4', 'item_29', 'item_41', 'item_42', 'item_22', 'item_45', 'item_38']","['item_6', 'item_10', 'item_4', 'item_39', 'item_22', 'item_15', 'item_37', 'item_28', 'item_47', 'item_3']","['item_15', 'item_8', 'item_25', 'item_4', 'item_29', 'item_22', 'item_2', 'item_12', 'item_13', 'item_28']"
777,2,50,ADD,"['item_10', 'item_6', 'item_16', 'item_17', 'item_44', 'item_12', 'item_31', 'item_35', 'item_30', 'item_19']","['item_6', 'item_10', 'item_16', 'item_17', 'item_19', 'item_25', 'item_36', 'item_37', 'item_48', 'item_50']","['item_6', 'item_10', 'item_16', 'item_17', 'item_12', 'item_40', 'item_31', 'item_19', 'item_30', 'item_35']"
778,2,50,ADD,"['item_36', 'item_50', 'item_31', 'item_42', 'item_35', 'item_17', 'item_34', 'item_2', 'item_19', 'item_32']","['item_2', 'item_17', 'item_36', 'item_49', 'item_50', 'item_3', 'item_18', 'item_4', 'item_19', 'item_7']","['item_31', 'item_2', 'item_17', 'item_19', 'item_7', 'item_9', 'item_10', 'item_28', 'item_32', 'item_42']"
779,8,50,ADD,"['item_3', 'item_1', 'item_11', 'item_4', 'item_40', 'item_13', 'item_25', 'item_8', 'item_27', 'item_34']","['item_48', 'item_37', 'item_50', 'item_49', 'item_42', 'item_41', 'item_46', 'item_43', 'item_40', 'item_47']","['item_40', 'item_34', 'item_39', 'item_35', 'item_44', 'item_47', 'item_36', 'item_43', 'item_37', 'item_41']"
781,2,50,APP,"['item_37', 'item_5', 'item_42', 'item_15', 'item_50', 'item_44', 'item_23', 'item_24', 'item_25', 'item_2']","['item_1', 'item_3', 'item_5', 'item_9', 'item_10', 'item_14', 'item_15', 'item_17', 'item_22', 'item_37']","['item_15', 'item_42', 'item_1', 'item_2', 'item_3', 'item_4', 'item_5', 'item_6', 'item_8', 'item_9']"
782,4,50,LMS,"['item_9', 'item_19', 'item_43', 'item_37', 'item_26', 'item_22', 'item_1', 'item_14', 'item_8', 'item_11']","['item_9', 'item_31', 'item_50', 'item_48', 'item_26', 'item_37', 'item_43', 'item_19', 'item_47', 'item_3']","['item_5', 'item_25', 'item_43', 'item_1', 'item_26', 'item_47', 'item_11', 'item_19', 'item_37', 'item_49']"
783,4,50,LMS,"['item_11', 'item_49', 'item_9', 'item_50', 'item_18', 'item_36', 'item_34', 'item_28', 'item_24', 'item_8']","['item_9', 'item_10', 'item_2', 'item_3', 'item_40', 'item_5', 'item_36', 'item_28', 'item_37', 'item_44']","['item_2', 'item_8', 'item_1', 'item_9', 'item_50', 'item_6', 'item_11', 'item_12', 'item_13', 'item_14']"
786,8,50,LMS,"['item_21', 'item_31', 'item_12', 'item_8', 'item_14', 'item_39', 'item_3', 'item_29', 'item_28', 'item_27']","['item_42', 'item_37', 'item_40', 'item_41', 'item_48', 'item_50', 'item_49', 'item_46', 'item_47', 'item_43']","['item_26', 'item_30', 'item_3', 'item_7', 'item_45', 'item_11', 'item_17', 'item_22', 'item_15', 'item_28']"
787,8,50,LMS,"['item_34', 'item_23', 'item_30', 'item_13', 'item_39', 'item_1', 'item_47', 'item_46', 'item_42', 'item_40']","['item_37', 'item_41', 'item_40', 'item_49', 'item_48', 'item_46', 'item_45', 'item_42', 'item_43', 'item_38']","['item_31', 'item_34', 'item_39', 'item_36', 'item_40', 'item_42', 'item_46', 'item_47', 'item_32', 'item_35']"
788,8,50,APP,"['item_46', 'item_16', 'item_1', 'item_11', 'item_48', 'item_38', 'item_23', 'item_18', 'item_50', 'item_8']","['item_37', 'item_46', 'item_40', 'item_41', 'item_48', 'item_49', 'item_50', 'item_39', 'item_42', 'item_43']",[]
789,8,50,ADD,"['item_17', 'item_11', 'item_39', 'item_30', 'item_13', 'item_31', 'item_42', 'item_26', 'item_38', 'item_15']","['item_46', 'item_40', 'item_38', 'item_50', 'item_41', 'item_42', 'item_47', 'item_49', 'item_43', 'item_44']","['item_39', 'item_38', 'item_42', 'item_35', 'item_44', 'item_45', 'item_40', 'item_46', 'item_33', 'item_47']"
790,4,50,LMS,"['item_8', 'item_12', 'item_9', 'item_24', 'item_3', 'item_25', 'item_50', 'item_32', 'item_36', 'item_19']","['item_8', 'item_10', 'item_34', 'item_22', 'item_9', 'item_37', 'item_39', 'item_50', 'item_46', 'item_3']","['item_3', 'item_7', 'item_6', 'item_1', 'item_5', 'item_8', 'item_10', 'item_13', 'item_15', 'item_17']"
791,2,50,LMS,"['item_5', 'item_41', 'item_48', 'item_30', 'item_37', 'item_22', 'item_21', 'item_2', 'item_7', 'item_13']","['item_10', 'item_5', 'item_26', 'item_37', 'item_48', 'item_9', 'item_13', 'item_22', 'item_41', 'item_32']","['item_5', 'item_21', 'item_22', 'item_2', 'item_7', 'item_13', 'item_6', 'item_12', 'item_30', 'item_39']"
792,4,50,ADD,"['item_40', 'item_4', 'item_7', 'item_33', 'item_11', 'item_9', 'item_34', 'item_2', 'item_6', 'item_8']","['item_4', 'item_7', 'item_10', 'item_28', 'item_30', 'item_37', 'item_46', 'item_49', 'item_50', 'item_3']","['item_4', 'item_7', 'item_11', 'item_20', 'item_15', 'item_5', 'item_10', 'item_19', 'item_2', 'item_6']"
793,2,50,ADD,"['item_31', 'item_15', 'item_38', 'item_1', 'item_29', 'item_13', 'item_20', 'item_40', 'item_45', 'item_10']","['item_26', 'item_31', 'item_49', 'item_50', 'item_28', 'item_38', 'item_37', 'item_15', 'item_39', 'item_41']","['item_15', 'item_31', 'item_1', 'item_29', 'item_13', 'item_20', 'item_35', 'item_10', 'item_6', 'item_11']"
794,8,50,APP,"['item_16', 'item_1', 'item_46', 'item_33', 'item_28', 'item_2', 'item_25', 'item_17', 'item_50', 'item_30']","['item_37', 'item_40', 'item_45', 'item_46', 'item_48', 'item_49', 'item_50', 'item_38', 'item_42', 'item_43']","['item_46', 'item_50', 'item_32', 'item_33', 'item_43', 'item_45', 'item_48', 'item_39', 'item_42', 'item_44']"
795,4,50,MPL,"['item_34', 'item_44', 'item_35', 'item_12', 'item_13', 'item_15', 'item_4', 'item_5', 'item_26', 'item_47']","['item_4', 'item_15', 'item_33', 'item_22', 'item_18', 'item_46', 'item_37', 'item_9', 'item_27', 'item_40']","['item_4', 'item_12', 'item_22', 'item_47', 'item_1', 'item_43', 'item_3', 'item_9', 'item_13', 'item_21']"
797,4,50,ADD,"['item_16', 'item_7', 'item_15', 'item_20', 'item_13', 'item_24', 'item_8', 'item_19', 'item_44', 'item_10']","['item_7', 'item_8', 'item_15', 'item_16', 'item_20', 'item_24', 'item_33', 'item_39', 'item_41', 'item_45']","['item_7', 'item_16', 'item_15', 'item_13', 'item_20', 'item_6', 'item_10', 'item_8', 'item_19', 'item_24']"
798,2,50,ADD,"['item_15', 'item_2', 'item_3', 'item_10', 'item_45', 'item_4', 'item_12', 'item_22', 'item_36', 'item_42']","['item_2', 'item_4', 'item_8', 'item_10', 'item_13', 'item_15', 'item_17', 'item_20', 'item_26', 'item_39']","['item_2', 'item_3', 'item_4', 'item_6', 'item_8', 'item_9', 'item_10', 'item_11', 'item_12', 'item_14']"
799,4,50,MPL,"['item_9', 'item_29', 'item_26', 'item_25', 'item_4', 'item_30', 'item_22', 'item_20', 'item_10', 'item_28']","['item_20', 'item_14', 'item_37', 'item_29', 'item_46', 'item_38', 'item_43', 'item_2', 'item_19', 'item_3']","['item_4', 'item_19', 'item_25', 'item_33', 'item_37', 'item_50', 'item_18', 'item_24', 'item_32', 'item_36']"
800,2,50,ADD,"['item_22', 'item_38', 'item_6', 'item_44', 'item_21', 'item_11', 'item_43', 'item_17', 'item_5', 'item_31']","['item_6', 'item_7', 'item_17', 'item_22', 'item_31', 'item_32', 'item_48', 'item_50', 'item_38', 'item_19']","['item_22', 'item_6', 'item_30', 'item_31', 'item_32', 'item_7', 'item_24', 'item_4', 'item_27', 'item_5']"
801,4,50,MPL,"['item_1', 'item_16', 'item_23', 'item_33', 'item_36', 'item_19', 'item_42', 'item_46', 'item_47', 'item_6']","['item_42', 'item_36', 'item_17', 'item_25', 'item_9', 'item_38', 'item_40', 'item_29', 'item_49', 'item_48']","['item_1', 'item_6', 'item_7', 'item_35', 'item_8', 'item_14', 'item_20', 'item_26', 'item_32', 'item_2']"
802,2,50,ADD,"['item_19', 'item_7', 'item_36', 'item_10', 'item_35', 'item_30', 'item_3', 'item_22', 'item_32', 'item_28']","['item_7', 'item_10', 'item_30', 'item_46', 'item_5', 'item_22', 'item_19', 'item_38', 'item_36', 'item_4']","['item_7', 'item_10', 'item_19', 'item_3', 'item_4', 'item_5', 'item_14', 'item_31', 'item_42', 'item_15']"
803,4,50,APP,"['item_27', 'item_12', 'item_50', 'item_4', 'item_5', 'item_2', 'item_28', 'item_31', 'item_22', 'item_24']","['item_12', 'item_5', 'item_37', 'item_48', 'item_26', 'item_19', 'item_27', 'item_40', 'item_31', 'item_46']","['item_2', 'item_4', 'item_5', 'item_12', 'item_26', 'item_1', 'item_13', 'item_15', 'item_16', 'item_17']"
804,4,50,MPL,"['item_1', 'item_2', 'item_8', 'item_48', 'item_38', 'item_31', 'item_3', 'item_29', 'item_26', 'item_25']","['item_26', 'item_31', 'item_47', 'item_18', 'item_30', 'item_21', 'item_49', 'item_11', 'item_36', 'item_44']","['item_1', 'item_2', 'item_3', 'item_8', 'item_13', 'item_18', 'item_22', 'item_26', 'item_48', 'item_50']"
805,8,50,APP,"['item_31', 'item_48', 'item_22', 'item_17', 'item_49', 'item_7', 'item_39', 'item_2', 'item_18', 'item_19']","['item_46', 'item_47', 'item_50', 'item_38', 'item_49', 'item_42', 'item_41', 'item_48', 'item_43', 'item_40']","['item_48', 'item_34', 'item_35', 'item_36', 'item_39', 'item_41', 'item_42', 'item_45', 'item_49', 'item_38']"
806,8,50,ADD,"['item_12', 'item_33', 'item_49', 'item_30', 'item_19', 'item_46', 'item_24', 'item_14', 'item_42', 'item_1']","['item_41', 'item_42', 'item_38', 'item_50', 'item_49', 'item_47', 'item_46', 'item_48', 'item_43', 'item_44']","['item_33', 'item_49', 'item_46', 'item_31', 'item_32', 'item_42', 'item_44', 'item_48', 'item_47', 'item_35']"
807,4,50,MPL,"['item_32', 'item_26', 'item_8', 'item_7', 'item_6', 'item_49', 'item_44', 'item_42', 'item_36', 'item_10']","['item_7', 'item_10', 'item_27', 'item_32', 'item_46', 'item_48', 'item_50', 'item_2', 'item_31', 'item_34']","['item_5', 'item_7', 'item_11', 'item_16', 'item_18', 'item_23', 'item_25', 'item_30', 'item_32', 'item_2']"
808,8,50,ADD,"['item_33', 'item_16', 'item_34', 'item_28', 'item_11', 'item_8', 'item_18', 'item_40', 'item_7', 'item_24']","['item_45', 'item_40', 'item_42', 'item_38', 'item_49', 'item_47', 'item_41', 'item_46', 'item_48', 'item_39']","['item_33', 'item_34', 'item_32', 'item_40', 'item_49', 'item_45', 'item_43', 'item_42', 'item_47', 'item_50']"
811,2,50,MPL,"['item_22', 'item_44', 'item_33', 'item_31', 'item_42', 'item_25', 'item_24', 'item_37', 'item_34', 'item_14']","['item_7', 'item_10', 'item_33', 'item_22', 'item_14', 'item_50', 'item_27', 'item_38', 'item_11', 'item_48']","['item_7', 'item_11', 'item_14', 'item_22', 'item_24', 'item_25', 'item_31', 'item_33', 'item_3', 'item_6']"
812,2,50,LMS,"['item_20', 'item_12', 'item_26', 'item_1', 'item_43', 'item_27', 'item_33', 'item_39', 'item_41', 'item_47']","['item_3', 'item_12', 'item_18', 'item_50', 'item_14', 'item_26', 'item_17', 'item_47', 'item_33', 'item_19']","['item_20', 'item_12', 'item_23', 'item_27', 'item_31', 'item_35', 'item_39', 'item_43', 'item_47', 'item_1']"
813,2,50,ADD,"['item_30', 'item_21', 'item_20', 'item_47', 'item_12', 'item_16', 'item_13', 'item_22', 'item_38', 'item_45']","['item_16', 'item_22', 'item_48', 'item_35', 'item_19', 'item_47', 'item_10', 'item_25', 'item_33', 'item_46']","['item_21', 'item_30', 'item_20', 'item_12', 'item_16', 'item_13', 'item_22', 'item_45', 'item_49', 'item_4']"
814,2,50,LMS,"['item_40', 'item_27', 'item_26', 'item_50', 'item_45', 'item_38', 'item_35', 'item_21', 'item_1', 'item_5']","['item_23', 'item_26', 'item_48', 'item_10', 'item_50', 'item_27', 'item_39', 'item_38', 'item_41', 'item_49']","['item_26', 'item_21', 'item_27', 'item_28', 'item_29', 'item_30', 'item_31', 'item_32', 'item_33', 'item_34']"
815,4,50,MPL,"['item_32', 'item_23', 'item_50', 'item_5', 'item_49', 'item_44', 'item_43', 'item_4', 'item_37', 'item_36']","['item_23', 'item_19', 'item_44', 'item_37', 'item_50', 'item_36', 'item_48', 'item_22', 'item_32', 'item_31']","['item_4', 'item_16', 'item_19', 'item_35', 'item_36', 'item_1', 'item_7', 'item_9', 'item_22', 'item_23']"
817,8,50,ADD,"['item_33', 'item_6', 'item_27', 'item_31', 'item_45', 'item_20', 'item_2', 'item_46', 'item_37', 'item_28']","['item_46', 'item_48', 'item_50', 'item_47', 'item_41', 'item_39', 'item_40', 'item_42', 'item_43', 'item_49']","['item_33', 'item_45', 'item_37', 'item_46', 'item_48', 'item_39', 'item_49', 'item_44', 'item_50', 'item_38']"
818,2,50,APP,"['item_26', 'item_3', 'item_4', 'item_29', 'item_6', 'item_7', 'item_8', 'item_20', 'item_10', 'item_23']","['item_10', 'item_7', 'item_3', 'item_4', 'item_28', 'item_29', 'item_17', 'item_6', 'item_2', 'item_50']","['item_3', 'item_4', 'item_6', 'item_7', 'item_8', 'item_10', 'item_20', 'item_28', 'item_1', 'item_9']"
819,8,50,ADD,"['item_43', 'item_5', 'item_48', 'item_7', 'item_1', 'item_11', 'item_4', 'item_36', 'item_12', 'item_23']","['item_43', 'item_42', 'item_40', 'item_41', 'item_48', 'item_50', 'item_49', 'item_47', 'item_46', 'item_39']","['item_43', 'item_48', 'item_36', 'item_38', 'item_39', 'item_37', 'item_42', 'item_34', 'item_35', 'item_46']"
820,2,50,APP,"['item_50', 'item_14', 'item_3', 'item_47', 'item_46', 'item_44', 'item_29', 'item_18', 'item_27', 'item_30']","['item_6', 'item_10', 'item_3', 'item_4', 'item_26', 'item_27', 'item_19', 'item_48', 'item_50', 'item_49']","['item_3', 'item_14', 'item_18', 'item_27', 'item_31', 'item_4', 'item_5', 'item_6', 'item_12', 'item_15']"
821,8,50,APP,"['item_18', 'item_21', 'item_19', 'item_17', 'item_27', 'item_30', 'item_20', 'item_4', 'item_32', 'item_25']","['item_37', 'item_40', 'item_41', 'item_42', 'item_43', 'item_45', 'item_46', 'item_48', 'item_49', 'item_50']","['item_35', 'item_37', 'item_43', 'item_44', 'item_47', 'item_49', 'item_50', 'item_32', 'item_36', 'item_38']"
822,2,50,APP,"['item_36', 'item_33', 'item_46', 'item_43', 'item_7', 'item_41', 'item_17', 'item_25', 'item_2', 'item_30']","['item_7', 'item_10', 'item_4', 'item_37', 'item_33', 'item_50', 'item_36', 'item_2', 'item_38', 'item_49']","['item_7', 'item_17', 'item_30', 'item_1', 'item_2', 'item_4', 'item_5', 'item_8', 'item_9', 'item_10']"
823,2,50,LMS,"['item_25', 'item_49', 'item_11', 'item_36', 'item_42', 'item_33', 'item_2', 'item_12', 'item_16', 'item_21']","['item_27', 'item_34', 'item_19', 'item_50', 'item_38', 'item_46', 'item_49', 'item_2', 'item_33', 'item_48']","['item_2', 'item_7', 'item_11', 'item_12', 'item_16', 'item_21', 'item_33', 'item_36', 'item_42', 'item_49']"
824,2,50,LMS,"['item_17', 'item_11', 'item_35', 'item_42', 'item_15', 'item_32', 'item_30', 'item_9', 'item_44', 'item_19']","['item_5', 'item_17', 'item_35', 'item_42', 'item_19', 'item_33', 'item_11', 'item_38', 'item_49', 'item_37']","['item_30', 'item_11', 'item_17', 'item_15', 'item_36', 'item_9', 'item_2', 'item_4', 'item_6', 'item_19']"
825,2,50,APP,"['item_1', 'item_41', 'item_2', 'item_27', 'item_28', 'item_38', 'item_37', 'item_44', 'item_20', 'item_42']","['item_1', 'item_2', 'item_6', 'item_7', 'item_8', 'item_10', 'item_14', 'item_16', 'item_20', 'item_24']","['item_1', 'item_2', 'item_20', 'item_23', 'item_26', 'item_29', 'item_4', 'item_6', 'item_7', 'item_8']"
826,4,50,ADD,"['item_33', 'item_4', 'item_12', 'item_35', 'item_45', 'item_24', 'item_22', 'item_43', 'item_21', 'item_40']","['item_14', 'item_26', 'item_35', 'item_7', 'item_28', 'item_19', 'item_30', 'item_47', 'item_49', 'item_3']","['item_4', 'item_5', 'item_7', 'item_8', 'item_6', 'item_10', 'item_43', 'item_45', 'item_49', 'item_44']"
827,8,50,LMS,"['item_9', 'item_17', 'item_45', 'item_42', 'item_40', 'item_21', 'item_30', 'item_4', 'item_2', 'item_50']","['item_40', 'item_37', 'item_41', 'item_42', 'item_50', 'item_46', 'item_48', 'item_49', 'item_43', 'item_44']","['item_31', 'item_40', 'item_42', 'item_45', 'item_50', 'item_32', 'item_35', 'item_41', 'item_44', 'item_47']"
829,2,50,MPL,"['item_9', 'item_4', 'item_12', 'item_13', 'item_39', 'item_31', 'item_19', 'item_28', 'item_49', 'item_21']","['item_23', 'item_19', 'item_48', 'item_50', 'item_7', 'item_28', 'item_3', 'item_13', 'item_2', 'item_18']","['item_28', 'item_12', 'item_13', 'item_19', 'item_21', 'item_22', 'item_23', 'item_49', 'item_29', 'item_1']"
831,4,50,MPL,"['item_1', 'item_21', 'item_6', 'item_5', 'item_49', 'item_45', 'item_42', 'item_40', 'item_39', 'item_33']","['item_10', 'item_5', 'item_22', 'item_33', 'item_46', 'item_9', 'item_21', 'item_18', 'item_39', 'item_40']","['item_1', 'item_5', 'item_6', 'item_10', 'item_11', 'item_14', 'item_20', 'item_24', 'item_28', 'item_34']"
832,8,50,MPL,"['item_1', 'item_42', 'item_3', 'item_10', 'item_34', 'item_35', 'item_36', 'item_38', 'item_39', 'item_43']","['item_42', 'item_38', 'item_50', 'item_41', 'item_49', 'item_47', 'item_46', 'item_48', 'item_43', 'item_40']","['item_3', 'item_6', 'item_8', 'item_9', 'item_10', 'item_15', 'item_20', 'item_25', 'item_30', 'item_32']"
833,2,50,LMS,"['item_25', 'item_22', 'item_23', 'item_11', 'item_30', 'item_45', 'item_2', 'item_20', 'item_38', 'item_34']","['item_10', 'item_34', 'item_25', 'item_17', 'item_11', 'item_22', 'item_38', 'item_49', 'item_46', 'item_2']","['item_30', 'item_22', 'item_25', 'item_23', 'item_2', 'item_11', 'item_20', 'item_10', 'item_19', 'item_29']"
834,8,50,APP,"['item_13', 'item_21', 'item_41', 'item_15', 'item_20', 'item_5', 'item_32', 'item_7', 'item_9', 'item_27']","['item_41', 'item_37', 'item_50', 'item_49', 'item_48', 'item_46', 'item_47', 'item_45', 'item_42', 'item_44']","['item_41', 'item_35', 'item_37', 'item_38', 'item_47', 'item_48', 'item_40', 'item_45', 'item_33', 'item_34']"
836,4,50,MPL,"['item_1', 'item_25', 'item_8', 'item_49', 'item_48', 'item_46', 'item_45', 'item_44', 'item_38', 'item_36']","['item_49', 'item_19', 'item_31', 'item_20', 'item_50', 'item_48', 'item_37', 'item_46', 'item_34', 'item_45']","['item_1', 'item_2', 'item_8', 'item_17', 'item_22', 'item_24', 'item_29', 'item_35', 'item_40', 'item_42']"
837,2,50,ADD,"['item_28', 'item_17', 'item_20', 'item_50', 'item_21', 'item_26', 'item_10', 'item_23', 'item_37', 'item_43']","['item_10', 'item_7', 'item_49', 'item_26', 'item_38', 'item_48', 'item_50', 'item_19', 'item_21', 'item_43']","['item_28', 'item_17', 'item_20', 'item_10', 'item_21', 'item_23', 'item_26', 'item_14', 'item_27', 'item_29']"
839,8,50,MPL,"['item_1', 'item_24', 'item_8', 'item_7', 'item_49', 'item_48', 'item_47', 'item_45', 'item_4', 'item_39']","['item_48', 'item_49', 'item_37', 'item_50', 'item_46', 'item_41', 'item_42', 'item_40', 'item_47', 'item_43']","['item_4', 'item_6', 'item_7', 'item_16', 'item_22', 'item_28', 'item_39', 'item_45', 'item_47', 'item_48']"
840,2,50,APP,"['item_47', 'item_3', 'item_36', 'item_19', 'item_34', 'item_12', 'item_42', 'item_24', 'item_44', 'item_2']","['item_3', 'item_10', 'item_6', 'item_7', 'item_5', 'item_4', 'item_2', 'item_9', 'item_1', 'item_33']","['item_3', 'item_12', 'item_19', 'item_2', 'item_4', 'item_5', 'item_6', 'item_7', 'item_10', 'item_14']"
841,2,50,MPL,"['item_39', 'item_4', 'item_6', 'item_31', 'item_30', 'item_48', 'item_42', 'item_47', 'item_46', 'item_26']","['item_30', 'item_10', 'item_48', 'item_25', 'item_7', 'item_32', 'item_39', 'item_46', 'item_37', 'item_49']","['item_4', 'item_6', 'item_26', 'item_30', 'item_31', 'item_35', 'item_3', 'item_5', 'item_11', 'item_18']"
842,2,50,ADD,"['item_37', 'item_41', 'item_26', 'item_15', 'item_30', 'item_5', 'item_42', 'item_12', 'item_44', 'item_36']","['item_12', 'item_30', 'item_50', 'item_37', 'item_41', 'item_36', 'item_33', 'item_48', 'item_38', 'item_49']","['item_26', 'item_33', 'item_15', 'item_30', 'item_40', 'item_5', 'item_12', 'item_32', 'item_1', 'item_9']"
843,8,50,LMS,"['item_32', 'item_38', 'item_14', 'item_18', 'item_7', 'item_8', 'item_27', 'item_50', 'item_17', 'item_26']","['item_40', 'item_37', 'item_41', 'item_46', 'item_50', 'item_48', 'item_49', 'item_42', 'item_47', 'item_43']","['item_3', 'item_23', 'item_28', 'item_32', 'item_38', 'item_18', 'item_22', 'item_27', 'item_31', 'item_1']"
845,2,50,LMS,"['item_13', 'item_1', 'item_48', 'item_40', 'item_23', 'item_30', 'item_32', 'item_17', 'item_31', 'item_20']","['item_45', 'item_13', 'item_26', 'item_37', 'item_18', 'item_23', 'item_40', 'item_34', 'item_39', 'item_48']","['item_1', 'item_12', 'item_13', 'item_23', 'item_29', 'item_30', 'item_32', 'item_40', 'item_45', 'item_48']"
847,2,50,LMS,"['item_1', 'item_19', 'item_25', 'item_4', 'item_50', 'item_7', 'item_18', 'item_31', 'item_49', 'item_22']","['item_19', 'item_48', 'item_27', 'item_50', 'item_1', 'item_38', 'item_4', 'item_18', 'item_26', 'item_2']","['item_1', 'item_19', 'item_4', 'item_25', 'item_34', 'item_30', 'item_7', 'item_18', 'item_35', 'item_22']"
850,8,50,MPL,"['item_1', 'item_29', 'item_31', 'item_34', 'item_35', 'item_37', 'item_39', 'item_4', 'item_40', 'item_42']","['item_42', 'item_37', 'item_40', 'item_41', 'item_46', 'item_48', 'item_49', 'item_50', 'item_43', 'item_44']","['item_3', 'item_6', 'item_7', 'item_10', 'item_16', 'item_22', 'item_28', 'item_34', 'item_35', 'item_37']"
851,8,50,APP,"['item_31', 'item_5', 'item_4', 'item_24', 'item_42', 'item_19', 'item_12', 'item_36', 'item_26', 'item_15']","['item_37', 'item_42', 'item_41', 'item_46', 'item_48', 'item_50', 'item_49', 'item_43', 'item_44', 'item_40']",[]
853,4,50,MPL,"['item_1', 'item_2', 'item_8', 'item_5', 'item_47', 'item_46', 'item_38', 'item_37', 'item_34', 'item_30']","['item_24', 'item_30', 'item_17', 'item_48', 'item_9', 'item_33', 'item_46', 'item_1', 'item_45', 'item_2']","['item_1', 'item_2', 'item_6', 'item_9', 'item_50', 'item_11', 'item_17', 'item_19', 'item_21', 'item_28']"
855,8,50,LMS,"['item_23', 'item_26', 'item_50', 'item_29', 'item_5', 'item_39', 'item_12', 'item_14', 'item_4', 'item_35']","['item_40', 'item_37', 'item_41', 'item_42', 'item_46', 'item_48', 'item_49', 'item_50', 'item_43', 'item_47']","['item_31', 'item_33', 'item_36', 'item_37', 'item_38', 'item_42', 'item_46', 'item_47', 'item_48', 'item_32']"
856,2,50,ADD,"['item_36', 'item_16', 'item_49', 'item_37', 'item_29', 'item_2', 'item_30', 'item_12', 'item_14', 'item_50']","['item_12', 'item_6', 'item_30', 'item_49', 'item_37', 'item_18', 'item_50', 'item_34', 'item_33', 'item_48']","['item_36', 'item_26', 'item_29', 'item_37', 'item_49', 'item_30', 'item_2', 'item_12', 'item_33', 'item_35']"
859,4,50,MPL,"['item_2', 'item_30', 'item_29', 'item_28', 'item_27', 'item_10', 'item_34', 'item_4', 'item_43', 'item_46']","['item_27', 'item_49', 'item_32', 'item_10', 'item_50', 'item_28', 'item_47', 'item_37', 'item_46', 'item_39']","['item_2', 'item_3', 'item_4', 'item_7', 'item_8', 'item_11', 'item_12', 'item_15', 'item_16', 'item_19']"
861,8,50,ADD,"['item_12', 'item_38', 'item_48', 'item_13', 'item_27', 'item_7', 'item_50', 'item_2', 'item_30', 'item_17']","['item_48', 'item_43', 'item_47', 'item_46', 'item_41', 'item_42', 'item_40', 'item_39', 'item_38', 'item_10']","['item_38', 'item_48', 'item_50', 'item_47', 'item_43', 'item_39', 'item_42', 'item_44', 'item_36', 'item_40']"
865,2,50,ADD,"['item_48', 'item_15', 'item_32', 'item_41', 'item_33', 'item_16', 'item_43', 'item_37', 'item_49', 'item_50']","['item_26', 'item_37', 'item_15', 'item_48', 'item_32', 'item_40', 'item_39', 'item_2', 'item_11', 'item_49']","['item_15', 'item_32', 'item_33', 'item_16', 'item_44', 'item_11', 'item_27', 'item_19', 'item_24', 'item_2']"
867,2,50,ADD,"['item_20', 'item_35', 'item_28', 'item_17', 'item_18', 'item_21', 'item_24', 'item_16', 'item_38', 'item_48']","['item_12', 'item_17', 'item_38', 'item_40', 'item_5', 'item_19', 'item_10', 'item_24', 'item_35', 'item_4']","['item_20', 'item_35', 'item_17', 'item_18', 'item_28', 'item_16', 'item_21', 'item_24', 'item_9', 'item_10']"
868,2,50,ADD,"['item_30', 'item_25', 'item_3', 'item_23', 'item_31', 'item_13', 'item_26', 'item_16', 'item_17', 'item_19']","['item_13', 'item_25', 'item_6', 'item_16', 'item_47', 'item_23', 'item_9', 'item_30', 'item_18', 'item_2']","['item_25', 'item_30', 'item_3', 'item_13', 'item_23', 'item_26', 'item_31', 'item_44', 'item_16', 'item_17']"
869,8,50,APP,"['item_41', 'item_6', 'item_23', 'item_37', 'item_8', 'item_30', 'item_4', 'item_47', 'item_17', 'item_2']","['item_37', 'item_41', 'item_40', 'item_48', 'item_50', 'item_46', 'item_49', 'item_42', 'item_43', 'item_47']","['item_41', 'item_37', 'item_47', 'item_49', 'item_34', 'item_36', 'item_38', 'item_45', 'item_42', 'item_46']"
872,2,50,ADD,"['item_41', 'item_18', 'item_42', 'item_20', 'item_26', 'item_38', 'item_9', 'item_11', 'item_30', 'item_2']","['item_18', 'item_20', 'item_39', 'item_41', 'item_42', 'item_46', 'item_47', 'item_50', 'item_2', 'item_11']","['item_18', 'item_20', 'item_26', 'item_9', 'item_11', 'item_2', 'item_5', 'item_6', 'item_30', 'item_35']"
873,4,50,APP,"['item_46', 'item_35', 'item_29', 'item_15', 'item_50', 'item_18', 'item_34', 'item_28', 'item_27', 'item_2']","['item_10', 'item_6', 'item_5', 'item_3', 'item_4', 'item_26', 'item_22', 'item_38', 'item_47', 'item_39']","['item_10', 'item_46', 'item_47', 'item_48', 'item_50', 'item_2', 'item_3', 'item_5', 'item_6', 'item_9']"
874,2,50,MPL,"['item_4', 'item_13', 'item_14', 'item_16', 'item_6', 'item_5', 'item_42', 'item_25', 'item_43', 'item_3']","['item_4', 'item_13', 'item_25', 'item_7', 'item_10', 'item_39', 'item_16', 'item_37', 'item_48', 'item_42']","['item_4', 'item_5', 'item_6', 'item_13', 'item_14', 'item_16', 'item_25', 'item_3', 'item_7', 'item_17']"
876,2,50,ADD,"['item_23', 'item_32', 'item_39', 'item_10', 'item_17', 'item_47', 'item_2', 'item_27', 'item_16', 'item_50']","['item_2', 'item_17', 'item_32', 'item_9', 'item_40', 'item_23', 'item_16', 'item_5', 'item_38', 'item_39']","['item_23', 'item_10', 'item_32', 'item_17', 'item_45', 'item_2', 'item_16', 'item_27', 'item_1', 'item_21']"
877,4,50,LMS,"['item_43', 'item_39', 'item_23', 'item_11', 'item_4', 'item_38', 'item_18', 'item_28', 'item_15', 'item_7']","['item_10', 'item_46', 'item_38', 'item_23', 'item_50', 'item_49', 'item_7', 'item_11', 'item_44', 'item_33']","['item_4', 'item_7', 'item_11', 'item_12', 'item_30', 'item_13', 'item_19', 'item_25', 'item_33', 'item_35']"
883,4,50,ADD,"['item_17', 'item_15', 'item_22', 'item_39', 'item_40', 'item_5', 'item_10', 'item_13', 'item_6', 'item_8']","['item_45', 'item_17', 'item_32', 'item_46', 'item_50', 'item_48', 'item_37', 'item_49', 'item_30', 'item_47']","['item_17', 'item_15', 'item_5', 'item_10', 'item_6', 'item_8', 'item_13', 'item_22', 'item_3', 'item_14']"
885,4,50,ADD,"['item_44', 'item_13', 'item_41', 'item_4', 'item_31', 'item_40', 'item_39', 'item_45', 'item_36', 'item_11']","['item_34', 'item_13', 'item_20', 'item_46', 'item_48', 'item_50', 'item_39', 'item_47', 'item_44', 'item_3']","['item_13', 'item_4', 'item_8', 'item_11', 'item_16', 'item_22', 'item_3', 'item_9', 'item_20', 'item_1']"
886,4,50,ADD,"['item_10', 'item_1', 'item_32', 'item_14', 'item_28', 'item_33', 'item_31', 'item_25', 'item_5', 'item_48']","['item_4', 'item_10', 'item_32', 'item_37', 'item_5', 'item_28', 'item_33', 'item_14', 'item_22', 'item_38']","['item_10', 'item_1', 'item_14', 'item_21', 'item_5', 'item_23', 'item_6', 'item_12', 'item_2', 'item_25']"
888,4,50,MPL,"['item_32', 'item_21', 'item_47', 'item_41', 'item_38', 'item_37', 'item_10', 'item_3', 'item_46', 'item_25']","['item_38', 'item_15', 'item_27', 'item_49', 'item_30', 'item_26', 'item_42', 'item_21', 'item_32', 'item_48']","['item_3', 'item_12', 'item_15', 'item_21', 'item_22', 'item_25', 'item_26', 'item_38', 'item_46', 'item_47']"
890,4,50,ADD,"['item_41', 'item_32', 'item_11', 'item_49', 'item_21', 'item_42', 'item_4', 'item_13', 'item_14', 'item_47']","['item_41', 'item_35', 'item_27', 'item_38', 'item_49', 'item_36', 'item_48', 'item_37', 'item_47', 'item_32']","['item_11', 'item_29', 'item_21', 'item_22', 'item_9', 'item_28', 'item_4', 'item_13', 'item_14', 'item_27']"
892,4,50,MPL,"['item_1', 'item_44', 'item_35', 'item_40', 'item_42', 'item_21', 'item_43', 'item_2', 'item_30', 'item_19']","['item_48', 'item_37', 'item_19', 'item_25', 'item_46', 'item_30', 'item_44', 'item_31', 'item_43', 'item_49']","['item_1', 'item_2', 'item_4', 'item_11', 'item_21', 'item_44', 'item_46', 'item_48', 'item_28', 'item_17']"
896,2,50,ADD,"['item_43', 'item_9', 'item_34', 'item_21', 'item_2', 'item_33', 'item_13', 'item_50', 'item_37', 'item_48']","['item_2', 'item_9', 'item_13', 'item_10', 'item_33', 'item_34', 'item_38', 'item_7', 'item_50', 'item_3']","['item_43', 'item_9', 'item_21', 'item_33', 'item_34', 'item_13', 'item_37', 'item_25', 'item_27', 'item_39']"
897,4,50,MPL,"['item_32', 'item_22', 'item_47', 'item_45', 'item_44', 'item_39', 'item_38', 'item_37', 'item_36', 'item_35']","['item_32', 'item_9', 'item_11', 'item_40', 'item_33', 'item_5', 'item_38', 'item_37', 'item_46', 'item_4']","['item_2', 'item_11', 'item_32', 'item_33', 'item_38', 'item_39', 'item_45', 'item_5', 'item_19', 'item_3']"
898,4,50,MPL,"['item_1', 'item_30', 'item_46', 'item_4', 'item_26', 'item_24', 'item_37', 'item_22', 'item_33', 'item_20']","['item_22', 'item_17', 'item_48', 'item_39', 'item_10', 'item_46', 'item_35', 'item_14', 'item_21', 'item_44']","['item_1', 'item_4', 'item_19', 'item_22', 'item_24', 'item_26', 'item_30', 'item_32', 'item_37', 'item_48']"
899,4,50,MPL,"['item_4', 'item_47', 'item_34', 'item_49', 'item_5', 'item_40', 'item_6', 'item_23', 'item_7', 'item_20']","['item_48', 'item_12', 'item_30', 'item_19', 'item_47', 'item_26', 'item_38', 'item_14', 'item_34', 'item_50']","['item_2', 'item_8', 'item_12', 'item_13', 'item_14', 'item_16', 'item_18', 'item_19', 'item_34', 'item_35']"
900,2,50,APP,"['item_50', 'item_9', 'item_25', 'item_27', 'item_28', 'item_17', 'item_14', 'item_34', 'item_36', 'item_41']","['item_6', 'item_10', 'item_9', 'item_8', 'item_5', 'item_3', 'item_4', 'item_2', 'item_17', 'item_19']","['item_9', 'item_14', 'item_17', 'item_23', 'item_25', 'item_27', 'item_28', 'item_34', 'item_36', 'item_41']"
901,4,50,ADD,"['item_28', 'item_48', 'item_27', 'item_14', 'item_35', 'item_37', 'item_29', 'item_21', 'item_49', 'item_45']","['item_4', 'item_17', 'item_26', 'item_38', 'item_50', 'item_27', 'item_19', 'item_21', 'item_49', 'item_3']","['item_48', 'item_14', 'item_4', 'item_16', 'item_21', 'item_45', 'item_17', 'item_6', 'item_50', 'item_9']"
902,4,50,ADD,"['item_43', 'item_23', 'item_22', 'item_17', 'item_25', 'item_44', 'item_37', 'item_50', 'item_47', 'item_8']","['item_48', 'item_37', 'item_26', 'item_50', 'item_17', 'item_43', 'item_39', 'item_44', 'item_23', 'item_33']","['item_23', 'item_17', 'item_21', 'item_25', 'item_8', 'item_9', 'item_13', 'item_20', 'item_4', 'item_12']"
904,2,50,ADD,"['item_49', 'item_47', 'item_17', 'item_48', 'item_39', 'item_15', 'item_26', 'item_16', 'item_5', 'item_46']","['item_5', 'item_17', 'item_30', 'item_46', 'item_26', 'item_19', 'item_48', 'item_38', 'item_40', 'item_37']","['item_17', 'item_15', 'item_26', 'item_39', 'item_48', 'item_5', 'item_19', 'item_46', 'item_4', 'item_6']"
906,4,50,ADD,"['item_46', 'item_2', 'item_3', 'item_41', 'item_17', 'item_34', 'item_10', 'item_42', 'item_20', 'item_23']","['item_2', 'item_3', 'item_7', 'item_10', 'item_17', 'item_18', 'item_23', 'item_27', 'item_32', 'item_41']","['item_23', 'item_34', 'item_17', 'item_20', 'item_30', 'item_19', 'item_25', 'item_36', 'item_14', 'item_12']"
910,8,50,MPL,"['item_1', 'item_4', 'item_31', 'item_10', 'item_33', 'item_35', 'item_36', 'item_37', 'item_38', 'item_39']","['item_42', 'item_35', 'item_40', 'item_49', 'item_38', 'item_31', 'item_47', 'item_36', 'item_33', 'item_30']","['item_3', 'item_6', 'item_7', 'item_10', 'item_16', 'item_20', 'item_28', 'item_29', 'item_30', 'item_31']"
911,8,50,LMS,"['item_39', 'item_43', 'item_41', 'item_6', 'item_20', 'item_27', 'item_22', 'item_25', 'item_37', 'item_36']","['item_36', 'item_40', 'item_41', 'item_42', 'item_47', 'item_50', 'item_38', 'item_39', 'item_43', 'item_48']","['item_4', 'item_16', 'item_12', 'item_20', 'item_3', 'item_7', 'item_5', 'item_24', 'item_1', 'item_10']"
915,2,50,ADD,"['item_39', 'item_7', 'item_25', 'item_37', 'item_31', 'item_42', 'item_21', 'item_41', 'item_38', 'item_44']","['item_28', 'item_37', 'item_45', 'item_10', 'item_39', 'item_26', 'item_44', 'item_34', 'item_21', 'item_43']","['item_39', 'item_7', 'item_25', 'item_31', 'item_37', 'item_21', 'item_38', 'item_41', 'item_42', 'item_44']"
916,4,50,LMS,"['item_39', 'item_43', 'item_13', 'item_14', 'item_15', 'item_21', 'item_16', 'item_25', 'item_23', 'item_1']","['item_4', 'item_9', 'item_30', 'item_13', 'item_29', 'item_38', 'item_50', 'item_37', 'item_19', 'item_46']","['item_25', 'item_31', 'item_37', 'item_43', 'item_49', 'item_13', 'item_14', 'item_15', 'item_22', 'item_28']"
918,2,50,ADD,"['item_36', 'item_43', 'item_42', 'item_28', 'item_48', 'item_4', 'item_1', 'item_14', 'item_35', 'item_26']","['item_36', 'item_43', 'item_10', 'item_42', 'item_9', 'item_38', 'item_48', 'item_50', 'item_47', 'item_44']","['item_36', 'item_42', 'item_43', 'item_28', 'item_14', 'item_1', 'item_35', 'item_47', 'item_26', 'item_24']"
919,2,50,ADD,"['item_9', 'item_16', 'item_4', 'item_19', 'item_1', 'item_34', 'item_24', 'item_28', 'item_17', 'item_12']","['item_16', 'item_17', 'item_25', 'item_4', 'item_3', 'item_9', 'item_10', 'item_15', 'item_18', 'item_41']","['item_9', 'item_1', 'item_4', 'item_16', 'item_19', 'item_24', 'item_34', 'item_15', 'item_21', 'item_39']"
920,2,50,APP,"['item_12', 'item_15', 'item_3', 'item_49', 'item_20', 'item_44', 'item_9', 'item_42', 'item_17', 'item_31']","['item_3', 'item_9', 'item_10', 'item_15', 'item_17', 'item_33', 'item_35', 'item_42', 'item_46', 'item_48']","['item_3', 'item_9', 'item_12', 'item_15', 'item_17', 'item_20', 'item_42', 'item_1', 'item_4', 'item_5']"
921,2,50,MPL,"['item_47', 'item_22', 'item_31', 'item_4', 'item_13', 'item_7', 'item_27', 'item_26', 'item_49', 'item_29']","['item_4', 'item_7', 'item_9', 'item_13', 'item_18', 'item_22', 'item_26', 'item_31', 'item_37', 'item_49']","['item_4', 'item_7', 'item_13', 'item_22', 'item_26', 'item_27', 'item_31', 'item_45', 'item_12', 'item_14']"
922,4,50,MPL,"['item_32', 'item_49', 'item_34', 'item_29', 'item_28', 'item_38', 'item_39', 'item_4', 'item_42', 'item_21']","['item_21', 'item_48', 'item_30', 'item_50', 'item_46', 'item_49', 'item_22', 'item_37', 'item_32', 'item_4']","['item_12', 'item_16', 'item_32', 'item_33', 'item_34', 'item_28', 'item_21', 'item_7', 'item_8', 'item_29']"
923,4,50,ADD,"['item_45', 'item_47', 'item_4', 'item_36', 'item_27', 'item_41', 'item_17', 'item_25', 'item_42', 'item_23']","['item_4', 'item_17', 'item_37', 'item_25', 'item_10', 'item_36', 'item_28', 'item_41', 'item_9', 'item_2']","['item_21', 'item_4', 'item_23', 'item_17', 'item_15', 'item_6', 'item_20', 'item_11', 'item_19', 'item_24']"
924,2,50,ADD,"['item_20', 'item_13', 'item_23', 'item_1', 'item_25', 'item_45', 'item_4', 'item_34', 'item_14', 'item_39']","['item_2', 'item_10', 'item_33', 'item_4', 'item_19', 'item_38', 'item_25', 'item_46', 'item_37', 'item_1']","['item_20', 'item_13', 'item_23', 'item_1', 'item_25', 'item_4', 'item_14', 'item_34', 'item_39', 'item_45']"
925,8,50,MPL,"['item_9', 'item_39', 'item_37', 'item_4', 'item_35', 'item_40', 'item_41', 'item_10', 'item_42', 'item_30']","['item_45', 'item_30', 'item_31', 'item_32', 'item_39', 'item_46', 'item_37', 'item_48', 'item_49', 'item_47']","['item_3', 'item_6', 'item_7', 'item_9', 'item_10', 'item_15', 'item_16', 'item_21', 'item_22', 'item_25']"
927,4,50,MPL,"['item_9', 'item_46', 'item_36', 'item_28', 'item_39', 'item_25', 'item_40', 'item_41', 'item_42', 'item_31']","['item_28', 'item_37', 'item_40', 'item_17', 'item_9', 'item_36', 'item_5', 'item_39', 'item_44', 'item_43']","['item_5', 'item_8', 'item_17', 'item_31', 'item_35', 'item_46', 'item_39', 'item_37', 'item_43', 'item_45']"
929,4,50,APP,"['item_10', 'item_13', 'item_20', 'item_2', 'item_27', 'item_18', 'item_5', 'item_38', 'item_40', 'item_33']","['item_4', 'item_2', 'item_18', 'item_31', 'item_50', 'item_27', 'item_19', 'item_6', 'item_14', 'item_33']","['item_13', 'item_18', 'item_2', 'item_3', 'item_5', 'item_7', 'item_9', 'item_10', 'item_11', 'item_19']"
931,2,50,APP,"['item_1', 'item_17', 'item_46', 'item_37', 'item_34', 'item_28', 'item_27', 'item_24', 'item_22', 'item_18']","['item_19', 'item_34', 'item_10', 'item_22', 'item_18', 'item_6', 'item_5', 'item_17', 'item_47', 'item_2']","['item_1', 'item_9', 'item_11', 'item_17', 'item_18', 'item_22', 'item_24', 'item_26', 'item_27', 'item_28']"
932,4,50,ADD,"['item_15', 'item_2', 'item_49', 'item_36', 'item_10', 'item_28', 'item_17', 'item_30', 'item_44', 'item_25']","['item_20', 'item_15', 'item_37', 'item_48', 'item_9', 'item_36', 'item_45', 'item_33', 'item_1', 'item_44']","['item_15', 'item_29', 'item_2', 'item_17', 'item_26', 'item_27', 'item_10', 'item_21', 'item_23', 'item_33']"
933,2,50,MPL,"['item_26', 'item_6', 'item_4', 'item_36', 'item_43', 'item_34', 'item_31', 'item_29', 'item_49', 'item_41']","['item_7', 'item_10', 'item_4', 'item_5', 'item_3', 'item_17', 'item_14', 'item_29', 'item_34', 'item_19']","['item_7', 'item_17', 'item_29', 'item_34', 'item_36', 'item_37', 'item_38', 'item_44', 'item_49', 'item_42']"
934,2,50,ADD,"['item_5', 'item_12', 'item_19', 'item_43', 'item_9', 'item_21', 'item_22', 'item_44', 'item_42', 'item_4']","['item_5', 'item_12', 'item_40', 'item_43', 'item_19', 'item_22', 'item_42', 'item_48', 'item_49', 'item_3']","['item_5', 'item_12', 'item_19', 'item_43', 'item_9', 'item_21', 'item_22', 'item_50', 'item_42', 'item_4']"
935,8,50,APP,"['item_41', 'item_28', 'item_24', 'item_23', 'item_21', 'item_45', 'item_1', 'item_20', 'item_33', 'item_37']","['item_35', 'item_40', 'item_41', 'item_42', 'item_47', 'item_48', 'item_49', 'item_50', 'item_36', 'item_33']","['item_28', 'item_33', 'item_35', 'item_37', 'item_39', 'item_30', 'item_31', 'item_38', 'item_1', 'item_29']"
936,8,50,ADD,"['item_1', 'item_39', 'item_43', 'item_33', 'item_46', 'item_40', 'item_24', 'item_12', 'item_20', 'item_7']","['item_31', 'item_46', 'item_47', 'item_30', 'item_48', 'item_49', 'item_32', 'item_33', 'item_43', 'item_44']","['item_23', 'item_33', 'item_3', 'item_5', 'item_11', 'item_22', 'item_32', 'item_9', 'item_21', 'item_31']"
938,2,50,LMS,"['item_20', 'item_9', 'item_18', 'item_7', 'item_34', 'item_38', 'item_19', 'item_26', 'item_35', 'item_42']","['item_9', 'item_10', 'item_3', 'item_7', 'item_4', 'item_8', 'item_6', 'item_23', 'item_19', 'item_18']","['item_20', 'item_9', 'item_7', 'item_18', 'item_19', 'item_34', 'item_26', 'item_35', 'item_39', 'item_43']"
940,2,50,LMS,"['item_9', 'item_27', 'item_38', 'item_12', 'item_24', 'item_10', 'item_31', 'item_6', 'item_8', 'item_49']","['item_3', 'item_7', 'item_10', 'item_15', 'item_17', 'item_24', 'item_27', 'item_28', 'item_30', 'item_38']","['item_9', 'item_27', 'item_24', 'item_35', 'item_39', 'item_10', 'item_6', 'item_8', 'item_31', 'item_14']"
943,2,50,ADD,"['item_32', 'item_33', 'item_10', 'item_5', 'item_16', 'item_28', 'item_2', 'item_35', 'item_46', 'item_43']","['item_10', 'item_5', 'item_22', 'item_32', 'item_48', 'item_33', 'item_47', 'item_19', 'item_38', 'item_46']","['item_32', 'item_33', 'item_10', 'item_5', 'item_16', 'item_28', 'item_35', 'item_47', 'item_8', 'item_37']"
944,8,50,APP,"['item_3', 'item_49', 'item_14', 'item_45', 'item_20', 'item_47', 'item_34', 'item_19', 'item_18', 'item_33']","['item_31', 'item_45', 'item_48', 'item_49', 'item_50', 'item_37', 'item_36', 'item_42', 'item_43', 'item_44']","['item_25', 'item_27', 'item_13', 'item_14', 'item_15', 'item_17', 'item_20', 'item_23', 'item_8', 'item_11']"
945,4,50,ADD,"['item_13', 'item_38', 'item_44', 'item_46', 'item_47', 'item_6', 'item_39', 'item_5', 'item_24', 'item_25']","['item_4', 'item_7', 'item_12', 'item_38', 'item_19', 'item_26', 'item_50', 'item_33', 'item_44', 'item_48']","['item_13', 'item_24', 'item_6', 'item_18', 'item_30', 'item_42', 'item_7', 'item_1', 'item_21', 'item_41']"
953,2,50,LMS,"['item_45', 'item_29', 'item_34', 'item_4', 'item_23', 'item_38', 'item_12', 'item_27', 'item_5', 'item_18']","['item_13', 'item_5', 'item_27', 'item_46', 'item_23', 'item_18', 'item_30', 'item_22', 'item_44', 'item_3']","['item_29', 'item_41', 'item_45', 'item_4', 'item_23', 'item_34', 'item_46', 'item_5', 'item_12', 'item_18']"
955,4,50,MPL,"['item_1', 'item_2', 'item_38', 'item_3', 'item_28', 'item_27', 'item_26', 'item_25', 'item_22', 'item_46']","['item_17', 'item_5', 'item_23', 'item_42', 'item_28', 'item_30', 'item_46', 'item_39', 'item_41', 'item_48']","['item_2', 'item_5', 'item_7', 'item_8', 'item_9', 'item_17', 'item_18', 'item_22', 'item_34', 'item_36']"
957,4,50,MPL,"['item_1', 'item_24', 'item_5', 'item_44', 'item_40', 'item_39', 'item_37', 'item_36', 'item_34', 'item_49']","['item_28', 'item_7', 'item_37', 'item_10', 'item_49', 'item_5', 'item_27', 'item_34', 'item_19', 'item_2']","['item_2', 'item_19', 'item_20', 'item_36', 'item_40', 'item_5', 'item_17', 'item_21', 'item_27', 'item_30']"
958,2,50,MPL,"['item_22', 'item_6', 'item_37', 'item_29', 'item_27', 'item_17', 'item_26', 'item_46', 'item_10', 'item_43']","['item_6', 'item_10', 'item_3', 'item_4', 'item_17', 'item_18', 'item_22', 'item_19', 'item_37', 'item_38']","['item_6', 'item_10', 'item_17', 'item_22', 'item_26', 'item_27', 'item_29', 'item_37', 'item_43', 'item_1']"
960,2,50,APP,"['item_13', 'item_27', 'item_20', 'item_31', 'item_17', 'item_16', 'item_15', 'item_14', 'item_1', 'item_29']","['item_10', 'item_9', 'item_7', 'item_6', 'item_4', 'item_3', 'item_2', 'item_1', 'item_17', 'item_18']","['item_13', 'item_14', 'item_15', 'item_16', 'item_17', 'item_20', 'item_27', 'item_31', 'item_42', 'item_43']"
963,2,50,ADD,"['item_46', 'item_40', 'item_14', 'item_43', 'item_39', 'item_5', 'item_15', 'item_7', 'item_24', 'item_37']","['item_8', 'item_7', 'item_5', 'item_9', 'item_10', 'item_4', 'item_3', 'item_2', 'item_6', 'item_1']","['item_40', 'item_46', 'item_14', 'item_43', 'item_7', 'item_15', 'item_24', 'item_13', 'item_37', 'item_38']"
965,8,50,MPL,"['item_1', 'item_38', 'item_30', 'item_33', 'item_34', 'item_35', 'item_36', 'item_37', 'item_4', 'item_29']","['item_30', 'item_46', 'item_47', 'item_48', 'item_50', 'item_31', 'item_32', 'item_33', 'item_39', 'item_41']","['item_4', 'item_9', 'item_14', 'item_18', 'item_22', 'item_26', 'item_29', 'item_30', 'item_32', 'item_33']"
967,2,50,MPL,"['item_1', 'item_34', 'item_6', 'item_50', 'item_44', 'item_32', 'item_13', 'item_14', 'item_47', 'item_29']","['item_6', 'item_13', 'item_10', 'item_14', 'item_1', 'item_2', 'item_7', 'item_18', 'item_33', 'item_44']","['item_1', 'item_6', 'item_13', 'item_14', 'item_32', 'item_34', 'item_44', 'item_2', 'item_16', 'item_18']"
968,2,50,ADD,"['item_46', 'item_12', 'item_50', 'item_48', 'item_2', 'item_35', 'item_5', 'item_13', 'item_3', 'item_36']","['item_2', 'item_3', 'item_5', 'item_10', 'item_12', 'item_14', 'item_17', 'item_22', 'item_25', 'item_46']","['item_12', 'item_46', 'item_2', 'item_35', 'item_3', 'item_13', 'item_5', 'item_6', 'item_7', 'item_9']"
970,2,50,LMS,"['item_47', 'item_4', 'item_24', 'item_12', 'item_13', 'item_46', 'item_45', 'item_37', 'item_5', 'item_3']","['item_4', 'item_37', 'item_18', 'item_25', 'item_30', 'item_46', 'item_39', 'item_44', 'item_35', 'item_48']","['item_40', 'item_4', 'item_12', 'item_13', 'item_24', 'item_43', 'item_3', 'item_5', 'item_30', 'item_35']"
972,2,50,APP,"['item_36', 'item_37', 'item_2', 'item_27', 'item_33', 'item_34', 'item_13', 'item_24', 'item_40', 'item_48']","['item_1', 'item_5', 'item_6', 'item_7', 'item_10', 'item_11', 'item_13', 'item_14', 'item_15', 'item_31']","['item_2', 'item_13', 'item_24', 'item_27', 'item_33', 'item_34', 'item_1', 'item_4', 'item_5', 'item_6']"
973,2,50,LMS,"['item_33', 'item_47', 'item_18', 'item_32', 'item_50', 'item_44', 'item_43', 'item_37', 'item_30', 'item_24']","['item_40', 'item_38', 'item_17', 'item_25', 'item_49', 'item_36', 'item_47', 'item_33', 'item_44', 'item_45']","['item_18', 'item_33', 'item_32', 'item_37', 'item_2', 'item_24', 'item_30', 'item_4', 'item_25', 'item_31']"
974,2,50,LMS,"['item_22', 'item_26', 'item_5', 'item_32', 'item_47', 'item_8', 'item_16', 'item_2', 'item_36', 'item_29']","['item_20', 'item_5', 'item_17', 'item_46', 'item_32', 'item_11', 'item_22', 'item_41', 'item_18', 'item_3']","['item_5', 'item_22', 'item_26', 'item_32', 'item_2', 'item_8', 'item_16', 'item_27', 'item_29', 'item_36']"
975,2,50,ADD,"['item_43', 'item_13', 'item_24', 'item_6', 'item_21', 'item_44', 'item_12', 'item_41', 'item_14', 'item_39']","['item_6', 'item_12', 'item_30', 'item_42', 'item_9', 'item_28', 'item_37', 'item_50', 'item_44', 'item_49']","['item_13', 'item_43', 'item_24', 'item_6', 'item_21', 'item_44', 'item_10', 'item_12', 'item_14', 'item_29']"
976,4,50,MPL,"['item_43', 'item_33', 'item_36', 'item_3', 'item_38', 'item_26', 'item_40', 'item_24', 'item_23', 'item_41']","['item_28', 'item_19', 'item_35', 'item_46', 'item_27', 'item_40', 'item_38', 'item_18', 'item_36', 'item_4']","['item_3', 'item_19', 'item_31', 'item_40', 'item_43', 'item_1', 'item_18', 'item_25', 'item_26', 'item_38']"
978,2,50,APP,"['item_13', 'item_39', 'item_24', 'item_23', 'item_20', 'item_18', 'item_12', 'item_27', 'item_44', 'item_49']","['item_6', 'item_10', 'item_7', 'item_4', 'item_2', 'item_38', 'item_19', 'item_49', 'item_50', 'item_47']","['item_12', 'item_13', 'item_18', 'item_20', 'item_23', 'item_24', 'item_27', 'item_39', 'item_2', 'item_4']"
979,2,50,MPL,"['item_25', 'item_41', 'item_42', 'item_14', 'item_36', 'item_10', 'item_18', 'item_31', 'item_30', 'item_5']","['item_50', 'item_41', 'item_31', 'item_22', 'item_49', 'item_38', 'item_47', 'item_36', 'item_44', 'item_43']","['item_5', 'item_10', 'item_14', 'item_18', 'item_22', 'item_25', 'item_30', 'item_31', 'item_36', 'item_41']"
981,4,50,LMS,"['item_21', 'item_42', 'item_20', 'item_38', 'item_47', 'item_2', 'item_35', 'item_29', 'item_23', 'item_43']","['item_40', 'item_26', 'item_38', 'item_17', 'item_50', 'item_33', 'item_49', 'item_27', 'item_42', 'item_34']","['item_4', 'item_6', 'item_7', 'item_9', 'item_20', 'item_21', 'item_22', 'item_34', 'item_35', 'item_42']"
982,4,50,ADD,"['item_5', 'item_41', 'item_13', 'item_2', 'item_47', 'item_23', 'item_50', 'item_45', 'item_46', 'item_22']","['item_5', 'item_13', 'item_22', 'item_41', 'item_47', 'item_46', 'item_20', 'item_38', 'item_49', 'item_15']","['item_5', 'item_13', 'item_23', 'item_21', 'item_26', 'item_22', 'item_20', 'item_2', 'item_50', 'item_10']"
983,2,50,LMS,"['item_2', 'item_28', 'item_32', 'item_11', 'item_8', 'item_13', 'item_27', 'item_14', 'item_46', 'item_39']","['item_2', 'item_10', 'item_8', 'item_3', 'item_4', 'item_11', 'item_18', 'item_27', 'item_28', 'item_46']","['item_2', 'item_28', 'item_8', 'item_11', 'item_13', 'item_14', 'item_3', 'item_27', 'item_18', 'item_33']"
984,2,50,LMS,"['item_8', 'item_32', 'item_45', 'item_14', 'item_26', 'item_22', 'item_11', 'item_13', 'item_33', 'item_37']","['item_7', 'item_8', 'item_11', 'item_14', 'item_16', 'item_17', 'item_23', 'item_26', 'item_32', 'item_38']","['item_8', 'item_32', 'item_14', 'item_26', 'item_11', 'item_13', 'item_22', 'item_33', 'item_45', 'item_28']"
985,8,50,MPL,"['item_1', 'item_40', 'item_33', 'item_34', 'item_35', 'item_36', 'item_37', 'item_38', 'item_39', 'item_4']","['item_43', 'item_41', 'item_30', 'item_50', 'item_48', 'item_47', 'item_39', 'item_36', 'item_35', 'item_42']","['item_4', 'item_7', 'item_13', 'item_18', 'item_23', 'item_27', 'item_28', 'item_29', 'item_31', 'item_32']"
986,2,50,ADD,"['item_22', 'item_39', 'item_41', 'item_32', 'item_33', 'item_38', 'item_24', 'item_49', 'item_16', 'item_18']","['item_22', 'item_38', 'item_47', 'item_16', 'item_50', 'item_39', 'item_28', 'item_46', 'item_33', 'item_4']","['item_22', 'item_39', 'item_41', 'item_32', 'item_33', 'item_38', 'item_16', 'item_24', 'item_49', 'item_15']"
987,2,50,ADD,"['item_33', 'item_21', 'item_2', 'item_27', 'item_42', 'item_11', 'item_35', 'item_38', 'item_9', 'item_5']","['item_12', 'item_21', 'item_33', 'item_40', 'item_42', 'item_46', 'item_50', 'item_38', 'item_27', 'item_37']","['item_21', 'item_33', 'item_2', 'item_27', 'item_11', 'item_42', 'item_35', 'item_38', 'item_5', 'item_9']"
988,8,50,LMS,"['item_41', 'item_6', 'item_28', 'item_30', 'item_8', 'item_48', 'item_16', 'item_22', 'item_32', 'item_47']","['item_37', 'item_40', 'item_41', 'item_42', 'item_43', 'item_46', 'item_48', 'item_49', 'item_50', 'item_31']","['item_6', 'item_25', 'item_21', 'item_3', 'item_40', 'item_9', 'item_13', 'item_19', 'item_26', 'item_28']"
991,2,50,ADD,"['item_22', 'item_16', 'item_39', 'item_25', 'item_46', 'item_37', 'item_41', 'item_49', 'item_48', 'item_12']","['item_37', 'item_46', 'item_40', 'item_50', 'item_19', 'item_22', 'item_48', 'item_4', 'item_21', 'item_38']","['item_16', 'item_22', 'item_39', 'item_25', 'item_37', 'item_46', 'item_48', 'item_49', 'item_12', 'item_47']"
992,2,50,ADD,"['item_6', 'item_41', 'item_40', 'item_21', 'item_27', 'item_3', 'item_18', 'item_9', 'item_43', 'item_49']","['item_6', 'item_10', 'item_3', 'item_18', 'item_27', 'item_40', 'item_19', 'item_21', 'item_41', 'item_43']","['item_6', 'item_41', 'item_21', 'item_27', 'item_40', 'item_28', 'item_3', 'item_9', 'item_18', 'item_43']"
993,4,50,MPL,"['item_25', 'item_24', 'item_39', 'item_38', 'item_37', 'item_44', 'item_46', 'item_31', 'item_30', 'item_48']","['item_21', 'item_27', 'item_38', 'item_40', 'item_46', 'item_47', 'item_50', 'item_28', 'item_39', 'item_48']","['item_46', 'item_28', 'item_27', 'item_44', 'item_11', 'item_12', 'item_24', 'item_29', 'item_49', 'item_38']"
994,4,50,MPL,"['item_1', 'item_23', 'item_8', 'item_50', 'item_48', 'item_47', 'item_43', 'item_40', 'item_38', 'item_37']","['item_40', 'item_32', 'item_17', 'item_5', 'item_25', 'item_46', 'item_48', 'item_39', 'item_41', 'item_47']","['item_1', 'item_4', 'item_6', 'item_7', 'item_8', 'item_13', 'item_20', 'item_24', 'item_32', 'item_48']"
995,2,50,APP,"['item_1', 'item_44', 'item_15', 'item_14', 'item_29', 'item_9', 'item_40', 'item_46', 'item_49', 'item_42']","['item_1', 'item_8', 'item_10', 'item_14', 'item_15', 'item_17', 'item_19', 'item_30', 'item_41', 'item_49']","['item_1', 'item_9', 'item_14', 'item_15', 'item_29', 'item_40', 'item_3', 'item_5', 'item_6', 'item_7']"
996,4,50,MPL,"['item_1', 'item_24', 'item_50', 'item_49', 'item_47', 'item_43', 'item_42', 'item_41', 'item_40', 'item_37']","['item_10', 'item_49', 'item_37', 'item_26', 'item_48', 'item_50', 'item_33', 'item_43', 'item_44', 'item_3']","['item_1', 'item_12', 'item_10', 'item_28', 'item_40', 'item_49', 'item_24', 'item_25', 'item_3', 'item_33']"
998,2,50,ADD,"['item_28', 'item_11', 'item_12', 'item_26', 'item_1', 'item_24', 'item_20', 'item_5', 'item_38', 'item_37']","['item_2', 'item_4', 'item_11', 'item_16', 'item_22', 'item_25', 'item_29', 'item_30', 'item_37', 'item_46']","['item_28', 'item_11', 'item_12', 'item_26', 'item_1', 'item_24', 'item_3', 'item_5', 'item_14', 'item_17']"
999,4,50,ADD,"['item_31', 'item_49', 'item_35', 'item_10', 'item_48', 'item_13', 'item_12', 'item_7', 'item_50', 'item_18']","['item_49', 'item_6', 'item_18', 'item_35', 'item_10', 'item_28', 'item_47', 'item_31', 'item_46', 'item_50']","['item_25', 'item_10', 'item_24', 'item_12', 'item_13', 'item_21', 'item_9', 'item_16', 'item_18', 'item_22']"
1000,2,50,MPL,"['item_39', 'item_35', 'item_33', 'item_47', 'item_37', 'item_25', 'item_24', 'item_23', 'item_45', 'item_11']","['item_24', 'item_33', 'item_17', 'item_50', 'item_26', 'item_38', 'item_49', 'item_21', 'item_36', 'item_45']","['item_11', 'item_23', 'item_24', 'item_25', 'item_33', 'item_35', 'item_37', 'item_39', 'item_45', 'item_46']"
1002,8,100,ADD,"['item_93043', 'item_42889', 'item_69028', 'item_8048', 'item_3964', 'item_39002', 'item_71811', 'item_45503', 'item_17568', 'item_23822']","['item_66961', 'item_53811', 'item_34411', 'item_20537', 'item_39898', 'item_36621', 'item_17568', 'item_93789', 'item_4832', 'item_48117']","['item_42889', 'item_39002', 'item_17568', 'item_48117', 'item_66687', 'item_20537', 'item_36621', 'item_53811', 'item_4832', 'item_93789']"
1003,4,50,LMS,"['item_17', 'item_31', 'item_11', 'item_45', 'item_41', 'item_21', 'item_35', 'item_12', 'item_39', 'item_50']","['item_10', 'item_25', 'item_38', 'item_47', 'item_26', 'item_39', 'item_44', 'item_31', 'item_49', 'item_43']","['item_27', 'item_25', 'item_26', 'item_31', 'item_17', 'item_30', 'item_36', 'item_24', 'item_11', 'item_21']"
1004,8,50,ADD,"['item_1', 'item_16', 'item_7', 'item_35', 'item_46', 'item_2', 'item_10', 'item_36', 'item_47', 'item_23']","['item_36', 'item_40', 'item_41', 'item_42', 'item_43', 'item_45', 'item_46', 'item_47', 'item_48', 'item_50']","['item_35', 'item_36', 'item_45', 'item_40', 'item_39', 'item_34', 'item_27', 'item_33', 'item_42', 'item_26']"
1006,2,50,ADD,"['item_13', 'item_29', 'item_22', 'item_1', 'item_21', 'item_46', 'item_44', 'item_38', 'item_33', 'item_24']","['item_21', 'item_22', 'item_9', 'item_39', 'item_47', 'item_46', 'item_50', 'item_44', 'item_38', 'item_43']","['item_13', 'item_22', 'item_29', 'item_46', 'item_1', 'item_21', 'item_9', 'item_19', 'item_24', 'item_33']"
1008,2,50,ADD,"['item_17', 'item_18', 'item_32', 'item_46', 'item_31', 'item_21', 'item_22', 'item_47', 'item_15', 'item_49']","['item_12', 'item_17', 'item_18', 'item_46', 'item_31', 'item_49', 'item_35', 'item_47', 'item_42', 'item_2']","['item_17', 'item_18', 'item_31', 'item_46', 'item_32', 'item_15', 'item_47', 'item_21', 'item_22', 'item_12']"
1009,8,50,LMS,"['item_31', 'item_40', 'item_30', 'item_9', 'item_29', 'item_46', 'item_4', 'item_21', 'item_3', 'item_50']","['item_30', 'item_46', 'item_50', 'item_41', 'item_37', 'item_48', 'item_39', 'item_40', 'item_32', 'item_31']","['item_3', 'item_5', 'item_1', 'item_11', 'item_10', 'item_20', 'item_30', 'item_9', 'item_29', 'item_2']"
1010,8,50,ADD,"['item_8', 'item_36', 'item_32', 'item_33', 'item_2', 'item_27', 'item_46', 'item_48', 'item_38', 'item_44']","['item_32', 'item_46', 'item_47', 'item_48', 'item_31', 'item_30', 'item_39', 'item_40', 'item_45', 'item_49']","['item_25', 'item_21', 'item_39', 'item_23', 'item_12', 'item_17', 'item_9', 'item_27', 'item_16', 'item_14']"
1011,4,50,ADD,"['item_45', 'item_9', 'item_24', 'item_7', 'item_12', 'item_49', 'item_39', 'item_48', 'item_42', 'item_18']","['item_46', 'item_33', 'item_12', 'item_48', 'item_50', 'item_47', 'item_9', 'item_38', 'item_49', 'item_19']","['item_45', 'item_9', 'item_7', 'item_12', 'item_49', 'item_18', 'item_2', 'item_42', 'item_48', 'item_23']"
1012,4,50,APP,"['item_15', 'item_36', 'item_4', 'item_31', 'item_25', 'item_11', 'item_23', 'item_22', 'item_1', 'item_42']","['item_4', 'item_11', 'item_22', 'item_9', 'item_37', 'item_28', 'item_50', 'item_26', 'item_33', 'item_43']","['item_15', 'item_4', 'item_11', 'item_1', 'item_3', 'item_7', 'item_10', 'item_12', 'item_13', 'item_14']"
1013,8,50,MPL,"['item_1', 'item_41', 'item_29', 'item_33', 'item_34', 'item_35', 'item_37', 'item_39', 'item_42', 'item_26']","['item_31', 'item_43', 'item_40', 'item_45', 'item_28', 'item_46', 'item_39', 'item_47', 'item_48', 'item_49']","['item_4', 'item_5', 'item_6', 'item_7', 'item_10', 'item_16', 'item_22', 'item_25', 'item_26', 'item_28']"
1014,2,50,APP,"['item_33', 'item_44', 'item_17', 'item_6', 'item_28', 'item_1', 'item_27', 'item_29', 'item_30', 'item_32']","['item_8', 'item_4', 'item_6', 'item_7', 'item_10', 'item_2', 'item_33', 'item_28', 'item_44', 'item_34']","['item_6', 'item_17', 'item_28', 'item_33', 'item_34', 'item_4', 'item_5', 'item_7', 'item_8', 'item_9']"
1016,2,50,APP,"['item_1', 'item_10', 'item_24', 'item_23', 'item_21', 'item_18', 'item_16', 'item_14', 'item_34', 'item_13']","['item_10', 'item_24', 'item_16', 'item_33', 'item_25', 'item_48', 'item_21', 'item_7', 'item_9', 'item_4']","['item_1', 'item_6', 'item_10', 'item_13', 'item_14', 'item_16', 'item_18', 'item_21', 'item_23', 'item_24']"
1017,4,50,MPL,"['item_32', 'item_20', 'item_39', 'item_42', 'item_44', 'item_45', 'item_33', 'item_31', 'item_48', 'item_24']","['item_2', 'item_6', 'item_15', 'item_33', 'item_42', 'item_48', 'item_50', 'item_39', 'item_7', 'item_17']","['item_2', 'item_6', 'item_15', 'item_18', 'item_21', 'item_24', 'item_27', 'item_30', 'item_33', 'item_35']"
1018,8,50,LMS,"['item_28', 'item_19', 'item_13', 'item_48', 'item_23', 'item_14', 'item_26', 'item_20', 'item_39', 'item_29']","['item_32', 'item_31', 'item_40', 'item_39', 'item_50', 'item_48', 'item_47', 'item_46', 'item_38', 'item_41']","['item_4', 'item_24', 'item_3', 'item_32', 'item_14', 'item_28', 'item_48', 'item_1', 'item_13', 'item_23']"
1019,4,50,ADD,"['item_25', 'item_16', 'item_9', 'item_39', 'item_19', 'item_3', 'item_37', 'item_43', 'item_17', 'item_6']","['item_6', 'item_10', 'item_49', 'item_26', 'item_37', 'item_50', 'item_28', 'item_47', 'item_48', 'item_36']","['item_25', 'item_16', 'item_39', 'item_37', 'item_48', 'item_3', 'item_19', 'item_26', 'item_7', 'item_43']"
1021,2,50,ADD,"['item_44', 'item_43', 'item_5', 'item_27', 'item_6', 'item_45', 'item_35', 'item_3', 'item_1', 'item_25']","['item_27', 'item_50', 'item_32', 'item_49', 'item_18', 'item_37', 'item_33', 'item_26', 'item_40', 'item_48']","['item_43', 'item_44', 'item_5', 'item_27', 'item_3', 'item_6', 'item_35', 'item_45', 'item_13', 'item_20']"
1023,8,50,ADD,"['item_5', 'item_36', 'item_1', 'item_20', 'item_48', 'item_45', 'item_2', 'item_18', 'item_3', 'item_32']","['item_36', 'item_48', 'item_40', 'item_37', 'item_50', 'item_41', 'item_30', 'item_49', 'item_33', 'item_42']","['item_2', 'item_4', 'item_6', 'item_16', 'item_18', 'item_32', 'item_34', 'item_12', 'item_24', 'item_38']"
1024,2,50,LMS,"['item_30', 'item_36', 'item_12', 'item_24', 'item_47', 'item_4', 'item_42', 'item_9', 'item_5', 'item_17']","['item_12', 'item_14', 'item_30', 'item_24', 'item_5', 'item_6', 'item_19', 'item_48', 'item_47', 'item_41']","['item_30', 'item_39', 'item_12', 'item_36', 'item_24', 'item_40', 'item_4', 'item_5', 'item_9', 'item_6']"
1025,2,50,ADD,"['item_26', 'item_18', 'item_20', 'item_36', 'item_31', 'item_21', 'item_50', 'item_32', 'item_13', 'item_38']","['item_28', 'item_32', 'item_18', 'item_40', 'item_37', 'item_50', 'item_38', 'item_49', 'item_34', 'item_43']","['item_18', 'item_20', 'item_26', 'item_11', 'item_21', 'item_31', 'item_36', 'item_28', 'item_50', 'item_8']"
1026,2,50,ADD,"['item_15', 'item_8', 'item_25', 'item_4', 'item_29', 'item_41', 'item_42', 'item_22', 'item_45', 'item_38']","['item_6', 'item_15', 'item_24', 'item_38', 'item_47', 'item_10', 'item_22', 'item_39', 'item_46', 'item_3']","['item_15', 'item_8', 'item_25', 'item_4', 'item_29', 'item_41', 'item_42', 'item_22', 'item_35', 'item_37']"
1027,2,50,APP,"['item_44', 'item_6', 'item_17', 'item_16', 'item_10', 'item_1', 'item_35', 'item_29', 'item_30', 'item_31']","['item_6', 'item_10', 'item_46', 'item_36', 'item_26', 'item_19', 'item_50', 'item_38', 'item_7', 'item_16']","['item_6', 'item_10', 'item_16', 'item_17', 'item_34', 'item_39', 'item_1', 'item_4', 'item_5', 'item_12']"
1028,2,50,MPL,"['item_32', 'item_44', 'item_28', 'item_36', 'item_30', 'item_2', 'item_3', 'item_50', 'item_42', 'item_31']","['item_2', 'item_17', 'item_32', 'item_42', 'item_9', 'item_35', 'item_36', 'item_10', 'item_31', 'item_4']","['item_2', 'item_3', 'item_28', 'item_30', 'item_32', 'item_5', 'item_17', 'item_19', 'item_31', 'item_34']"
1029,8,50,APP,"['item_34', 'item_11', 'item_27', 'item_13', 'item_20', 'item_2', 'item_3', 'item_4', 'item_44', 'item_40']","['item_29', 'item_30', 'item_31', 'item_46', 'item_50', 'item_37', 'item_38', 'item_39', 'item_40', 'item_41']","['item_34', 'item_27', 'item_30', 'item_35', 'item_40', 'item_1', 'item_3', 'item_4', 'item_5', 'item_6']"
1030,4,50,ADD,"['item_10', 'item_16', 'item_32', 'item_34', 'item_9', 'item_23', 'item_26', 'item_33', 'item_31', 'item_15']","['item_27', 'item_31', 'item_32', 'item_46', 'item_9', 'item_30', 'item_5', 'item_38', 'item_33', 'item_10']","['item_10', 'item_16', 'item_23', 'item_32', 'item_15', 'item_21', 'item_4', 'item_18', 'item_42', 'item_26']"
1031,2,50,APP,"['item_37', 'item_5', 'item_42', 'item_15', 'item_50', 'item_44', 'item_23', 'item_24', 'item_25', 'item_2']","['item_1', 'item_3', 'item_5', 'item_6', 'item_9', 'item_10', 'item_14', 'item_15', 'item_17', 'item_22']","['item_5', 'item_15', 'item_1', 'item_2', 'item_3', 'item_4', 'item_6', 'item_8', 'item_9', 'item_10']"
1032,4,50,MPL,"['item_9', 'item_49', 'item_25', 'item_21', 'item_39', 'item_41', 'item_47', 'item_18', 'item_5', 'item_14']","['item_9', 'item_31', 'item_40', 'item_26', 'item_5', 'item_48', 'item_37', 'item_43', 'item_19', 'item_41']","['item_5', 'item_9', 'item_11', 'item_14', 'item_18', 'item_21', 'item_39', 'item_49', 'item_47', 'item_1']"
1034,4,50,ADD,"['item_46', 'item_9', 'item_13', 'item_21', 'item_49', 'item_31', 'item_5', 'item_48', 'item_33', 'item_4']","['item_4', 'item_9', 'item_31', 'item_25', 'item_10', 'item_37', 'item_48', 'item_33', 'item_46', 'item_34']","['item_4', 'item_8', 'item_9', 'item_31', 'item_32', 'item_33', 'item_46', 'item_48', 'item_49', 'item_1']"
1035,4,50,APP,"['item_45', 'item_29', 'item_33', 'item_31', 'item_19', 'item_18', 'item_23', 'item_2', 'item_22', 'item_43']","['item_14', 'item_8', 'item_20', 'item_36', 'item_5', 'item_19', 'item_46', 'item_38', 'item_47', 'item_43']","['item_45', 'item_2', 'item_18', 'item_43', 'item_49', 'item_1', 'item_5', 'item_7', 'item_8', 'item_11']"
1036,8,50,LMS,"['item_21', 'item_31', 'item_12', 'item_8', 'item_14', 'item_39', 'item_3', 'item_29', 'item_28', 'item_27']","['item_30', 'item_31', 'item_46', 'item_47', 'item_50', 'item_32', 'item_39', 'item_48', 'item_49', 'item_45']","['item_6', 'item_5', 'item_3', 'item_12', 'item_24', 'item_18', 'item_1', 'item_11', 'item_17', 'item_23']"
1037,8,50,ADD,"['item_15', 'item_34', 'item_24', 'item_23', 'item_22', 'item_2', 'item_12', 'item_30', 'item_46', 'item_20']","['item_34', 'item_35', 'item_36', 'item_37', 'item_38', 'item_39', 'item_40', 'item_41', 'item_42', 'item_46']","['item_34', 'item_45', 'item_46', 'item_42', 'item_44', 'item_37', 'item_41', 'item_36', 'item_43', 'item_29']"
1038,8,50,APP,"['item_46', 'item_16', 'item_1', 'item_11', 'item_48', 'item_38', 'item_23', 'item_18', 'item_50', 'item_8']","['item_29', 'item_30', 'item_36', 'item_37', 'item_48', 'item_50', 'item_33', 'item_34', 'item_39', 'item_41']","['item_6', 'item_7', 'item_5', 'item_18', 'item_21', 'item_22', 'item_23', 'item_4', 'item_8', 'item_9']"
1039,8,50,ADD,"['item_17', 'item_11', 'item_39', 'item_30', 'item_13', 'item_31', 'item_42', 'item_26', 'item_38', 'item_15']","['item_30', 'item_35', 'item_46', 'item_38', 'item_37', 'item_49', 'item_42', 'item_31', 'item_48', 'item_34']","['item_21', 'item_19', 'item_23', 'item_40', 'item_8', 'item_17', 'item_2', 'item_4', 'item_22', 'item_25']"
1040,4,50,ADD,"['item_8', 'item_12', 'item_24', 'item_25', 'item_50', 'item_41', 'item_9', 'item_39', 'item_29', 'item_32']","['item_8', 'item_24', 'item_10', 'item_34', 'item_39', 'item_47', 'item_5', 'item_36', 'item_22', 'item_43']","['item_8', 'item_12', 'item_20', 'item_40', 'item_43', 'item_9', 'item_23', 'item_15', 'item_18', 'item_32']"
1041,2,50,ADD,"['item_30', 'item_37', 'item_5', 'item_41', 'item_48', 'item_2', 'item_21', 'item_7', 'item_13', 'item_32']","['item_13', 'item_16', 'item_50', 'item_26', 'item_48', 'item_37', 'item_9', 'item_22', 'item_41', 'item_32']","['item_30', 'item_5', 'item_37', 'item_41', 'item_2', 'item_7', 'item_13', 'item_21', 'item_22', 'item_32']"
1043,2,50,ADD,"['item_31', 'item_15', 'item_38', 'item_1', 'item_29', 'item_13', 'item_20', 'item_40', 'item_45', 'item_10']","['item_26', 'item_31', 'item_40', 'item_38', 'item_50', 'item_29', 'item_37', 'item_41', 'item_43', 'item_45']","['item_15', 'item_31', 'item_38', 'item_1', 'item_29', 'item_13', 'item_20', 'item_10', 'item_40', 'item_45']"
1044,8,50,ADD,"['item_1', 'item_17', 'item_2', 'item_28', 'item_48', 'item_46', 'item_10', 'item_34', 'item_50', 'item_16']","['item_34', 'item_40', 'item_41', 'item_42', 'item_43', 'item_46', 'item_47', 'item_48', 'item_49', 'item_50']","['item_15', 'item_42', 'item_34', 'item_28', 'item_12', 'item_46', 'item_2', 'item_30', 'item_32', 'item_37']"
1046,8,50,MPL,"['item_9', 'item_34', 'item_28', 'item_29', 'item_45', 'item_31', 'item_10', 'item_33', 'item_35', 'item_25']","['item_42', 'item_38', 'item_35', 'item_40', 'item_37', 'item_49', 'item_36', 'item_41', 'item_33', 'item_48']","['item_3', 'item_4', 'item_6', 'item_7', 'item_15', 'item_21', 'item_23', 'item_25', 'item_26', 'item_28']"
1047,4,50,LMS,"['item_16', 'item_36', 'item_13', 'item_15', 'item_34', 'item_42', 'item_6', 'item_23', 'item_7', 'item_8']","['item_7', 'item_8', 'item_10', 'item_13', 'item_15', 'item_16', 'item_17', 'item_19', 'item_20', 'item_24']","['item_16', 'item_13', 'item_15', 'item_12', 'item_6', 'item_7', 'item_8', 'item_18', 'item_36', 'item_21']"
1048,2,50,ADD,"['item_15', 'item_2', 'item_3', 'item_10', 'item_45', 'item_4', 'item_12', 'item_22', 'item_36', 'item_42']","['item_2', 'item_4', 'item_8', 'item_9', 'item_10', 'item_14', 'item_15', 'item_16', 'item_37', 'item_38']","['item_15', 'item_2', 'item_3', 'item_10', 'item_45', 'item_22', 'item_31', 'item_36', 'item_42', 'item_46']"
1049,4,50,APP,"['item_44', 'item_43', 'item_42', 'item_26', 'item_46', 'item_20', 'item_17', 'item_29', 'item_28', 'item_25']","['item_4', 'item_10', 'item_9', 'item_26', 'item_37', 'item_27', 'item_38', 'item_17', 'item_42', 'item_43']","['item_44', 'item_43', 'item_1', 'item_3', 'item_4', 'item_7', 'item_8', 'item_10', 'item_14', 'item_15']"
1050,2,50,ADD,"['item_22', 'item_38', 'item_6', 'item_44', 'item_21', 'item_11', 'item_43', 'item_17', 'item_5', 'item_31']","['item_6', 'item_17', 'item_22', 'item_32', 'item_43', 'item_50', 'item_38', 'item_11', 'item_21', 'item_31']","['item_22', 'item_11', 'item_21', 'item_17', 'item_43', 'item_5', 'item_6', 'item_38', 'item_44', 'item_32']"
1051,4,50,ADD,"['item_47', 'item_39', 'item_19', 'item_45', 'item_3', 'item_28', 'item_27', 'item_22', 'item_9', 'item_16']","['item_6', 'item_36', 'item_47', 'item_21', 'item_48', 'item_19', 'item_25', 'item_46', 'item_38', 'item_49']","['item_47', 'item_33', 'item_23', 'item_38', 'item_42', 'item_45', 'item_16', 'item_21', 'item_25', 'item_28']"
1052,2,50,ADD,"['item_19', 'item_7', 'item_36', 'item_10', 'item_35', 'item_30', 'item_3', 'item_22', 'item_32', 'item_28']","['item_7', 'item_10', 'item_30', 'item_42', 'item_19', 'item_6', 'item_36', 'item_50', 'item_38', 'item_32']","['item_7', 'item_19', 'item_36', 'item_10', 'item_30', 'item_3', 'item_15', 'item_32', 'item_4', 'item_14']"
1053,4,50,LMS,"['item_12', 'item_27', 'item_36', 'item_28', 'item_46', 'item_4', 'item_31', 'item_14', 'item_3', 'item_5']","['item_12', 'item_13', 'item_14', 'item_15', 'item_16', 'item_17', 'item_18', 'item_20', 'item_22', 'item_32']","['item_12', 'item_36', 'item_46', 'item_2', 'item_3', 'item_4', 'item_5', 'item_14', 'item_22', 'item_30']"
1054,4,50,ADD,"['item_31', 'item_38', 'item_1', 'item_17', 'item_11', 'item_44', 'item_2', 'item_21', 'item_10', 'item_14']","['item_6', 'item_31', 'item_27', 'item_48', 'item_17', 'item_36', 'item_11', 'item_23', 'item_10', 'item_49']","['item_44', 'item_11', 'item_17', 'item_1', 'item_2', 'item_10', 'item_14', 'item_33', 'item_31', 'item_16']"
1055,8,50,ADD,"['item_48', 'item_17', 'item_18', 'item_2', 'item_36', 'item_22', 'item_19', 'item_10', 'item_46', 'item_49']","['item_36', 'item_50', 'item_41', 'item_48', 'item_47', 'item_49', 'item_35', 'item_38', 'item_31', 'item_34']","['item_31', 'item_34', 'item_29', 'item_49', 'item_32', 'item_19', 'item_33', 'item_39', 'item_26', 'item_46']"
1056,8,50,APP,"['item_12', 'item_35', 'item_49', 'item_48', 'item_30', 'item_19', 'item_33', 'item_24', 'item_2', 'item_27']","['item_30', 'item_49', 'item_50', 'item_31', 'item_36', 'item_37', 'item_38', 'item_33', 'item_32', 'item_34']","['item_38', 'item_33', 'item_30', 'item_35', 'item_27', 'item_31', 'item_37', 'item_40', 'item_1', 'item_3']"
1057,4,50,MPL,"['item_32', 'item_26', 'item_8', 'item_7', 'item_6', 'item_49', 'item_44', 'item_42', 'item_36', 'item_10']","['item_7', 'item_10', 'item_27', 'item_32', 'item_46', 'item_48', 'item_50', 'item_2', 'item_9', 'item_31']","['item_6', 'item_7', 'item_8', 'item_9', 'item_10', 'item_11', 'item_12', 'item_13', 'item_19', 'item_20']"
1058,8,50,APP,"['item_33', 'item_18', 'item_16', 'item_28', 'item_8', 'item_34', 'item_29', 'item_11', 'item_24', 'item_4']","['item_29', 'item_30', 'item_32', 'item_33', 'item_40', 'item_41', 'item_42', 'item_45', 'item_48', 'item_49']","['item_6', 'item_8', 'item_15', 'item_28', 'item_16', 'item_29', 'item_10', 'item_22', 'item_3', 'item_4']"
1059,4,50,ADD,"['item_10', 'item_43', 'item_37', 'item_23', 'item_12', 'item_42', 'item_13', 'item_33', 'item_15', 'item_32']","['item_8', 'item_17', 'item_26', 'item_34', 'item_40', 'item_45', 'item_49', 'item_50', 'item_37', 'item_42']","['item_10', 'item_43', 'item_12', 'item_29', 'item_13', 'item_42', 'item_15', 'item_35', 'item_26', 'item_41']"
1061,2,50,MPL,"['item_22', 'item_44', 'item_33', 'item_31', 'item_42', 'item_25', 'item_24', 'item_37', 'item_34', 'item_14']","['item_7', 'item_11', 'item_33', 'item_25', 'item_48', 'item_3', 'item_6', 'item_10', 'item_14', 'item_22']","['item_7', 'item_11', 'item_14', 'item_22', 'item_24', 'item_25', 'item_31', 'item_33', 'item_34', 'item_37']"
1062,2,50,LMS,"['item_20', 'item_12', 'item_26', 'item_1', 'item_43', 'item_27', 'item_33', 'item_39', 'item_41', 'item_47']","['item_3', 'item_12', 'item_18', 'item_20', 'item_25', 'item_33', 'item_46', 'item_47', 'item_50', 'item_31']","['item_20', 'item_12', 'item_26', 'item_27', 'item_33', 'item_39', 'item_41', 'item_45', 'item_13', 'item_16']"
1063,2,50,ADD,"['item_30', 'item_21', 'item_20', 'item_47', 'item_12', 'item_16', 'item_13', 'item_22', 'item_38', 'item_45']","['item_16', 'item_22', 'item_40', 'item_38', 'item_5', 'item_19', 'item_14', 'item_25', 'item_47', 'item_46']","['item_21', 'item_30', 'item_20', 'item_12', 'item_16', 'item_47', 'item_13', 'item_22', 'item_45', 'item_38']"
1064,2,50,APP,"['item_26', 'item_21', 'item_45', 'item_40', 'item_38', 'item_35', 'item_27', 'item_50', 'item_9', 'item_43']","['item_30', 'item_14', 'item_26', 'item_27', 'item_5', 'item_9', 'item_21', 'item_38', 'item_48', 'item_40']","['item_21', 'item_26', 'item_27', 'item_35', 'item_3', 'item_5', 'item_7', 'item_9', 'item_10', 'item_14']"
1065,4,50,ADD,"['item_32', 'item_35', 'item_49', 'item_33', 'item_19', 'item_36', 'item_23', 'item_42', 'item_17', 'item_37']","['item_4', 'item_5', 'item_7', 'item_9', 'item_10', 'item_13', 'item_16', 'item_17', 'item_22', 'item_35']","['item_17', 'item_4', 'item_7', 'item_16', 'item_20', 'item_19', 'item_22', 'item_24', 'item_33', 'item_41']"
1066,4,50,MPL,"['item_1', 'item_23', 'item_44', 'item_38', 'item_37', 'item_31', 'item_47', 'item_29', 'item_49', 'item_50']","['item_38', 'item_40', 'item_15', 'item_26', 'item_49', 'item_37', 'item_48', 'item_31', 'item_44', 'item_47']","['item_1', 'item_8', 'item_12', 'item_15', 'item_16', 'item_17', 'item_19', 'item_21', 'item_23', 'item_24']"
1067,8,50,MPL,"['item_23', 'item_22', 'item_39', 'item_34', 'item_33', 'item_4', 'item_31', 'item_40', 'item_28', 'item_27']","['item_33', 'item_45', 'item_40', 'item_31', 'item_39', 'item_48', 'item_37', 'item_46', 'item_41', 'item_49']","['item_3', 'item_5', 'item_6', 'item_7', 'item_8', 'item_9', 'item_15', 'item_17', 'item_23', 'item_26']"
1068,2,50,MPL,"['item_1', 'item_17', 'item_29', 'item_39', 'item_23', 'item_41', 'item_18', 'item_3', 'item_45', 'item_46']","['item_23', 'item_10', 'item_7', 'item_39', 'item_46', 'item_28', 'item_41', 'item_33', 'item_29', 'item_45']","['item_1', 'item_3', 'item_7', 'item_8', 'item_17', 'item_18', 'item_23', 'item_29', 'item_39', 'item_41']"
1069,8,50,APP,"['item_43', 'item_14', 'item_3', 'item_48', 'item_5', 'item_7', 'item_1', 'item_36', 'item_35', 'item_29']","['item_35', 'item_42', 'item_43', 'item_48', 'item_1', 'item_9', 'item_30', 'item_36', 'item_7', 'item_3']","['item_5', 'item_6', 'item_7', 'item_8', 'item_30', 'item_35', 'item_36', 'item_38', 'item_4', 'item_26']"
1070,2,50,ADD,"['item_29', 'item_47', 'item_44', 'item_50', 'item_3', 'item_14', 'item_12', 'item_18', 'item_41', 'item_35']","['item_6', 'item_12', 'item_30', 'item_49', 'item_5', 'item_27', 'item_48', 'item_17', 'item_47', 'item_14']","['item_29', 'item_47', 'item_14', 'item_3', 'item_12', 'item_18', 'item_26', 'item_30', 'item_35', 'item_41']"
1071,8,50,ADD,"['item_18', 'item_27', 'item_16', 'item_21', 'item_17', 'item_19', 'item_30', 'item_4', 'item_32', 'item_29']","['item_30', 'item_31', 'item_32', 'item_35', 'item_40', 'item_41', 'item_42', 'item_47', 'item_48', 'item_49']","['item_27', 'item_17', 'item_21', 'item_22', 'item_28', 'item_29', 'item_36', 'item_47', 'item_48', 'item_43']"
1072,2,50,ADD,"['item_46', 'item_7', 'item_41', 'item_33', 'item_43', 'item_1', 'item_17', 'item_30', 'item_36', 'item_10']","['item_7', 'item_10', 'item_33', 'item_40', 'item_31', 'item_49', 'item_50', 'item_32', 'item_48', 'item_47']","['item_46', 'item_7', 'item_33', 'item_41', 'item_43', 'item_1', 'item_17', 'item_30', 'item_10', 'item_36']"
1073,2,50,ADD,"['item_25', 'item_49', 'item_11', 'item_42', 'item_2', 'item_33', 'item_34', 'item_47', 'item_36', 'item_16']","['item_2', 'item_11', 'item_9', 'item_7', 'item_34', 'item_35', 'item_42', 'item_38', 'item_49', 'item_47']","['item_25', 'item_49', 'item_11', 'item_42', 'item_2', 'item_33', 'item_16', 'item_34', 'item_36', 'item_47']"
1074,2,50,ADD,"['item_35', 'item_17', 'item_11', 'item_15', 'item_9', 'item_42', 'item_33', 'item_30', 'item_26', 'item_2']","['item_17', 'item_19', 'item_5', 'item_30', 'item_42', 'item_16', 'item_38', 'item_33', 'item_48', 'item_49']","['item_17', 'item_35', 'item_11', 'item_15', 'item_26', 'item_30', 'item_33', 'item_9', 'item_42', 'item_2']"
1075,2,50,ADD,"['item_2', 'item_28', 'item_37', 'item_20', 'item_1', 'item_41', 'item_44', 'item_38', 'item_6', 'item_27']","['item_2', 'item_6', 'item_10', 'item_14', 'item_18', 'item_20', 'item_24', 'item_27', 'item_38', 'item_48']","['item_2', 'item_28', 'item_20', 'item_37', 'item_41', 'item_44', 'item_38', 'item_1', 'item_6', 'item_27']"
1077,8,50,LMS,"['item_9', 'item_17', 'item_45', 'item_42', 'item_40', 'item_21', 'item_30', 'item_4', 'item_2', 'item_50']","['item_30', 'item_42', 'item_45', 'item_46', 'item_47', 'item_48', 'item_49', 'item_50', 'item_31', 'item_32']","['item_4', 'item_5', 'item_25', 'item_1', 'item_10', 'item_15', 'item_20', 'item_48', 'item_3', 'item_30']"
1078,4,50,LMS,"['item_13', 'item_5', 'item_48', 'item_22', 'item_16', 'item_36', 'item_7', 'item_50', 'item_23', 'item_4']","['item_5', 'item_49', 'item_22', 'item_36', 'item_19', 'item_38', 'item_47', 'item_32', 'item_40', 'item_46']","['item_5', 'item_13', 'item_16', 'item_23', 'item_7', 'item_25', 'item_4', 'item_9', 'item_11', 'item_22']"
1079,2,50,MPL,"['item_9', 'item_4', 'item_12', 'item_13', 'item_39', 'item_31', 'item_19', 'item_28', 'item_49', 'item_21']","['item_28', 'item_31', 'item_5', 'item_49', 'item_23', 'item_21', 'item_7', 'item_30', 'item_35', 'item_22']","['item_4', 'item_9', 'item_12', 'item_13', 'item_19', 'item_21', 'item_22', 'item_23', 'item_28', 'item_31']"
1080,4,50,LMS,"['item_21', 'item_2', 'item_45', 'item_37', 'item_30', 'item_39', 'item_28', 'item_38', 'item_49', 'item_10']","['item_2', 'item_4', 'item_9', 'item_10', 'item_11', 'item_14', 'item_15', 'item_17', 'item_23', 'item_29']","['item_2', 'item_20', 'item_25', 'item_28', 'item_33', 'item_36', 'item_41', 'item_44', 'item_49', 'item_19']"
1083,2,50,APP,"['item_45', 'item_22', 'item_23', 'item_25', 'item_2', 'item_30', 'item_20', 'item_11', 'item_26', 'item_43']","['item_11', 'item_30', 'item_22', 'item_4', 'item_5', 'item_6', 'item_7', 'item_17', 'item_34', 'item_45']","['item_2', 'item_11', 'item_20', 'item_22', 'item_23', 'item_25', 'item_30', 'item_3', 'item_4', 'item_6']"
1085,8,50,ADD,"['item_8', 'item_7', 'item_4', 'item_38', 'item_27', 'item_25', 'item_10', 'item_45', 'item_16', 'item_30']","['item_40', 'item_38', 'item_41', 'item_42', 'item_36', 'item_37', 'item_46', 'item_35', 'item_49', 'item_48']","['item_45', 'item_38', 'item_27', 'item_30', 'item_40', 'item_41', 'item_32', 'item_26', 'item_29', 'item_28']"
1086,4,50,ADD,"['item_19', 'item_14', 'item_35', 'item_31', 'item_10', 'item_36', 'item_26', 'item_38', 'item_30', 'item_34']","['item_48', 'item_49', 'item_31', 'item_20', 'item_45', 'item_46', 'item_37', 'item_38', 'item_44', 'item_19']","['item_19', 'item_14', 'item_28', 'item_26', 'item_31', 'item_38', 'item_13', 'item_17', 'item_36', 'item_42']"
1087,2,50,LMS,"['item_28', 'item_37', 'item_17', 'item_50', 'item_20', 'item_43', 'item_42', 'item_21', 'item_23', 'item_26']","['item_10', 'item_7', 'item_4', 'item_6', 'item_5', 'item_3', 'item_9', 'item_8', 'item_2', 'item_41']","['item_28', 'item_17', 'item_20', 'item_37', 'item_10', 'item_21', 'item_23', 'item_26', 'item_4', 'item_5']"
1088,4,50,ADD,"['item_39', 'item_19', 'item_5', 'item_43', 'item_38', 'item_13', 'item_10', 'item_40', 'item_27', 'item_29']","['item_5', 'item_10', 'item_8', 'item_27', 'item_39', 'item_43', 'item_19', 'item_46', 'item_38', 'item_1']","['item_5', 'item_13', 'item_10', 'item_23', 'item_30', 'item_24', 'item_42', 'item_17', 'item_22', 'item_37']"
1089,8,50,ADD,"['item_10', 'item_17', 'item_48', 'item_26', 'item_24', 'item_19', 'item_18', 'item_47', 'item_31', 'item_32']","['item_38', 'item_40', 'item_41', 'item_42', 'item_47', 'item_48', 'item_49', 'item_50', 'item_36', 'item_31']","['item_26', 'item_43', 'item_31', 'item_48', 'item_32', 'item_49', 'item_38', 'item_39', 'item_27', 'item_35']"
1090,2,50,APP,"['item_47', 'item_3', 'item_36', 'item_19', 'item_34', 'item_12', 'item_42', 'item_24', 'item_44', 'item_2']","['item_3', 'item_10', 'item_6', 'item_7', 'item_5', 'item_4', 'item_9', 'item_2', 'item_18', 'item_17']","['item_3', 'item_12', 'item_19', 'item_34', 'item_36', 'item_2', 'item_4', 'item_5', 'item_6', 'item_7']"
1091,2,50,MPL,"['item_39', 'item_4', 'item_6', 'item_31', 'item_30', 'item_48', 'item_42', 'item_47', 'item_46', 'item_26']","['item_30', 'item_10', 'item_49', 'item_50', 'item_27', 'item_48', 'item_31', 'item_32', 'item_38', 'item_47']","['item_4', 'item_30', 'item_31', 'item_39', 'item_46', 'item_47', 'item_6', 'item_42', 'item_18', 'item_11']"
1092,2,50,APP,"['item_26', 'item_15', 'item_30', 'item_5', 'item_37', 'item_41', 'item_12', 'item_32', 'item_33', 'item_34']","['item_5', 'item_12', 'item_30', 'item_41', 'item_37', 'item_33', 'item_48', 'item_26', 'item_38', 'item_42']","['item_5', 'item_12', 'item_15', 'item_26', 'item_30', 'item_4', 'item_7', 'item_8', 'item_9', 'item_13']"
