groupId,strategy,group_size,item_size,llm_recommendation,gold_recommendation
1,ADD,4,5,"['item_2', 'item_3', 'item_4', 'item_5']","['item_1', 'item_5', 'item_3', 'item_4', 'item_2']"
1,APP,4,5,"['item_1', 'item_2']","['item_1', 'item_5', 'item_2', 'item_3', 'item_4']"
1,LMS,4,5,['item_3'],"['item_1', 'item_5', 'item_2', 'item_3', 'item_4']"
1,MPL,4,5,['item_4'],"['item_3', 'item_5', 'item_4', 'item_1', 'item_2']"
2,ADD,8,5,"['item_2', 'item_4']","['item_1', 'item_4', 'item_2', 'item_3', 'item_5']"
2,APP,8,5,"['item_1', 'item_2']","['item_5', 'item_1', 'item_2', 'item_3', 'item_4']"
2,LMS,8,5,"['item_1', 'item_2', 'item_3', 'item_4', 'item_5']","['item_1', 'item_4', 'item_2', 'item_3', 'item_5']"
2,MPL,8,5,['item_2'],"['item_2', 'item_4', 'item_1', 'item_3', 'item_5']"
3,ADD,4,5,['item_2'],"['item_2', 'item_3', 'item_1', 'item_5', 'item_4']"
3,APP,4,5,"['item_1', 'item_2']","['item_3', 'item_1', 'item_2', 'item_5']"
3,LMS,4,5,"['item_1', 'item_2']","['item_2', 'item_4', 'item_1', 'item_3', 'item_5']"
3,MPL,4,5,['item_2'],"['item_5', 'item_1', 'item_2', 'item_3', 'item_4']"
4,ADD,8,5,"['item_1', 'item_2']","['item_1', 'item_5', 'item_4', 'item_2', 'item_3']"
4,APP,8,5,"['item_1', 'item_2']","['item_1', 'item_5', 'item_4', 'item_3', 'item_2']"
4,LMS,8,5,"['item_1', 'item_2']","['item_1', 'item_4', 'item_2', 'item_3', 'item_5']"
4,MPL,8,5,['item_5'],"['item_1', 'item_2', 'item_3', 'item_4', 'item_5']"
5,ADD,2,5,['item_2'],"['item_5', 'item_1', 'item_4', 'item_2', 'item_3']"
5,APP,2,5,['item_1'],"['item_5', 'item_1', 'item_2', 'item_4']"
5,LMS,2,5,"['item_1', 'item_2']","['item_5', 'item_1', 'item_4', 'item_3', 'item_2']"
5,MPL,2,5,"['item_4', 'item_5']","['item_1', 'item_4', 'item_5', 'item_2', 'item_3']"
6,ADD,8,5,"['item_1', 'item_2']","['item_1', 'item_3', 'item_2', 'item_5', 'item_4']"
6,APP,8,5,"['item_1', 'item_2']","['item_1', 'item_2', 'item_3', 'item_5', 'item_4']"
6,LMS,8,5,"['item_1', 'item_2']","['item_1', 'item_2', 'item_5', 'item_3', 'item_4']"
6,MPL,8,5,"['item_1', 'item_2']","['item_3', 'item_5', 'item_1', 'item_2', 'item_4']"
7,ADD,2,5,['item_3'],"['item_1', 'item_4', 'item_3', 'item_5', 'item_2']"
7,APP,2,5,['item_1'],"['item_1', 'item_4']"
7,LMS,2,5,"['item_1', 'item_2']","['item_1', 'item_3', 'item_5', 'item_4', 'item_2']"
7,MPL,2,5,['item_3'],"['item_4', 'item_1', 'item_3', 'item_5', 'item_2']"
8,ADD,4,5,['item_2'],"['item_2', 'item_5', 'item_4', 'item_3', 'item_1']"
8,APP,4,5,"['item_1', 'item_2']","['item_2', 'item_4', 'item_3', 'item_5', 'item_1']"
8,LMS,4,5,"['item_1', 'item_2', 'item_3', 'item_4', 'item_5']","['item_2', 'item_1', 'item_4', 'item_5', 'item_3']"
8,MPL,4,5,['item_2'],"['item_2', 'item_5', 'item_3', 'item_4', 'item_1']"
9,ADD,2,5,['item_2'],"['item_4', 'item_3', 'item_2', 'item_5', 'item_1']"
9,APP,2,5,"['item_1', 'item_2']","['item_4', 'item_2', 'item_3', 'item_5']"
9,LMS,2,5,['item_4'],"['item_4', 'item_3', 'item_2', 'item_5', 'item_1']"
9,MPL,2,5,['item_4'],"['item_3', 'item_4', 'item_2', 'item_5', 'item_1']"
10,ADD,8,5,['item_2'],"['item_4', 'item_1', 'item_2', 'item_3', 'item_5']"
10,APP,8,5,"['item_1', 'item_2']","['item_4', 'item_3', 'item_2', 'item_5', 'item_1']"
10,LMS,8,5,"['item_1', 'item_2']","['item_1', 'item_2', 'item_3', 'item_4', 'item_5']"
10,MPL,8,5,['item_2'],"['item_1', 'item_3', 'item_2', 'item_4', 'item_5']"
11,ADD,4,5,['item_5'],"['item_5', 'item_1', 'item_2', 'item_4', 'item_3']"
11,APP,4,5,"['item_1', 'item_3']","['item_5', 'item_1', 'item_2', 'item_3', 'item_4']"
11,LMS,4,5,['item_5'],"['item_5', 'item_1', 'item_2', 'item_3', 'item_4']"
11,MPL,4,5,['item_5'],"['item_5', 'item_4', 'item_1', 'item_2', 'item_3']"
12,ADD,4,5,['item_4'],"['item_3', 'item_1', 'item_4', 'item_5', 'item_2']"
12,APP,4,5,"['item_1', 'item_3']","['item_3', 'item_1', 'item_4', 'item_2', 'item_5']"
12,LMS,4,5,"['item_1', 'item_2']","['item_1', 'item_3', 'item_4', 'item_5', 'item_2']"
12,MPL,4,5,['item_2'],"['item_2', 'item_3', 'item_1', 'item_4', 'item_5']"
13,ADD,8,5,"['item_4', 'item_5']","['item_4', 'item_3', 'item_2', 'item_5', 'item_1']"
13,APP,8,5,"['item_1', 'item_2', 'item_3', 'item_4', 'item_5']","['item_3', 'item_4', 'item_2', 'item_5', 'item_1']"
13,LMS,8,5,"['item_1', 'item_2', 'item_3', 'item_4', 'item_5']","['item_3', 'item_1', 'item_2', 'item_4', 'item_5']"
13,MPL,8,5,['item_4'],"['item_2', 'item_5', 'item_3', 'item_4', 'item_1']"
14,ADD,8,5,"['item_4', 'item_5']","['item_4', 'item_1', 'item_5', 'item_2', 'item_3']"
14,APP,8,5,"['item_3', 'item_4']","['item_1', 'item_4', 'item_2', 'item_5', 'item_3']"
14,LMS,8,5,"['item_1', 'item_2', 'item_3', 'item_4', 'item_5']","['item_5', 'item_1', 'item_2', 'item_3', 'item_4']"
14,MPL,8,5,['item_4'],"['item_1', 'item_5', 'item_4', 'item_3', 'item_2']"
15,ADD,8,5,"['item_2', 'item_3', 'item_4', 'item_5']","['item_4', 'item_3', 'item_2', 'item_5', 'item_1']"
15,APP,8,5,"['item_1', 'item_2', 'item_3', 'item_4', 'item_5']","['item_3', 'item_4', 'item_2', 'item_5', 'item_1']"
15,LMS,8,5,"['item_1', 'item_2', 'item_3', 'item_4', 'item_5']","['item_2', 'item_1', 'item_3', 'item_4', 'item_5']"
15,MPL,8,5,['item_5'],"['item_1', 'item_3', 'item_4', 'item_2', 'item_5']"
16,ADD,8,5,['item_2'],"['item_2', 'item_3', 'item_1', 'item_5', 'item_4']"
16,APP,8,5,['item_2'],"['item_2', 'item_3', 'item_4', 'item_5', 'item_1']"
16,LMS,8,5,"['item_2', 'item_3', 'item_4', 'item_5']","['item_1', 'item_2', 'item_3', 'item_4', 'item_5']"
16,MPL,8,5,['item_2'],"['item_1', 'item_2', 'item_3', 'item_5', 'item_4']"
17,ADD,8,5,"['item_4', 'item_5']","['item_4', 'item_1', 'item_5', 'item_2', 'item_3']"
17,APP,8,5,"['item_1', 'item_4']","['item_1', 'item_4', 'item_3', 'item_5', 'item_2']"
17,LMS,8,5,"['item_1', 'item_2', 'item_3', 'item_4', 'item_5']","['item_4', 'item_1', 'item_2', 'item_3', 'item_5']"
17,MPL,8,5,['item_5'],"['item_1', 'item_2', 'item_4', 'item_5', 'item_3']"
18,ADD,8,5,"['item_5', 'item_4']","['item_1', 'item_3', 'item_2', 'item_5', 'item_4']"
18,APP,8,5,"['item_1', 'item_2']","['item_5', 'item_4', 'item_1', 'item_3', 'item_2']"
18,LMS,8,5,"['item_1', 'item_2', 'item_3', 'item_4', 'item_5']","['item_2', 'item_4', 'item_3', 'item_1', 'item_5']"
18,MPL,8,5,['item_5'],"['item_1', 'item_2', 'item_3', 'item_4', 'item_5']"
19,ADD,4,5,['item_4'],"['item_4', 'item_3', 'item_2', 'item_1', 'item_5']"
19,APP,4,5,"['item_1', 'item_2', 'item_3', 'item_4']","['item_4', 'item_2', 'item_3', 'item_1']"
19,LMS,4,5,"['item_1', 'item_2', 'item_3', 'item_4']","['item_4', 'item_3', 'item_1', 'item_2', 'item_5']"
19,MPL,4,5,['item_4'],"['item_3', 'item_4', 'item_1', 'item_2', 'item_5']"
20,ADD,8,5,"['item_1', 'item_2', 'item_3', 'item_4', 'item_5']","['item_1', 'item_2', 'item_5', 'item_3', 'item_4']"
20,APP,8,5,"['item_1', 'item_2']","['item_1', 'item_2', 'item_3', 'item_4', 'item_5']"
20,LMS,8,5,"['item_1', 'item_2', 'item_3', 'item_4', 'item_5']","['item_2', 'item_5', 'item_1', 'item_3', 'item_4']"
20,MPL,8,5,['item_4'],"['item_1', 'item_5', 'item_3', 'item_4', 'item_2']"
21,ADD,4,5,['item_4'],"['item_5', 'item_1', 'item_4', 'item_3', 'item_2']"
21,APP,4,5,"['item_1', 'item_3']","['item_5', 'item_1', 'item_3', 'item_4']"
21,LMS,4,5,"['item_1', 'item_2', 'item_3', 'item_4', 'item_5']","['item_1', 'item_5', 'item_3', 'item_2', 'item_4']"
21,MPL,4,5,['item_4'],"['item_4', 'item_5', 'item_1', 'item_3', 'item_2']"
22,ADD,2,5,['item_4'],"['item_4', 'item_3', 'item_1', 'item_2', 'item_5']"
22,APP,2,5,['item_1'],"['item_4', 'item_1', 'item_3']"
22,LMS,2,5,['item_4'],"['item_4', 'item_3', 'item_2', 'item_1', 'item_5']"
22,MPL,2,5,['item_4'],"['item_4', 'item_1', 'item_3', 'item_5', 'item_2']"
23,ADD,2,5,['item_2'],"['item_4', 'item_1', 'item_2', 'item_5', 'item_3']"
23,APP,2,5,['item_1'],['item_1']
23,LMS,2,5,['item_4'],"['item_4', 'item_1', 'item_2', 'item_3', 'item_5']"
23,MPL,2,5,['item_4'],"['item_1', 'item_4', 'item_2', 'item_5', 'item_3']"
24,ADD,4,5,['item_2'],"['item_1', 'item_2', 'item_3', 'item_4', 'item_5']"
24,APP,4,5,"['item_1', 'item_2']","['item_1', 'item_2', 'item_3', 'item_5']"
24,LMS,4,5,"['item_1', 'item_2', 'item_3', 'item_4', 'item_5']","['item_1', 'item_2', 'item_3', 'item_4', 'item_5']"
24,MPL,4,5,['item_2'],"['item_1', 'item_2', 'item_3', 'item_5', 'item_4']"
25,ADD,2,5,['item_2'],"['item_2', 'item_1', 'item_5', 'item_3', 'item_4']"
25,APP,2,5,"['item_1', 'item_2']","['item_2', 'item_1', 'item_3', 'item_5']"
25,LMS,2,5,['item_2'],"['item_2', 'item_1', 'item_5', 'item_3', 'item_4']"
25,MPL,2,5,['item_2'],"['item_1', 'item_2', 'item_3', 'item_5', 'item_4']"
26,ADD,8,5,['item_2'],"['item_2', 'item_5', 'item_1', 'item_3', 'item_4']"
26,APP,8,5,"['item_1', 'item_2', 'item_3', 'item_4', 'item_5']","['item_2', 'item_5', 'item_1', 'item_3', 'item_4']"
26,LMS,8,5,"['item_1', 'item_2', 'item_3', 'item_4', 'item_5']","['item_2', 'item_1', 'item_3', 'item_4', 'item_5']"
26,MPL,8,5,['item_2'],"['item_2', 'item_5', 'item_3', 'item_4', 'item_1']"
27,ADD,2,5,['item_2'],"['item_3', 'item_5', 'item_1', 'item_2', 'item_4']"
27,APP,2,5,['item_1'],"['item_1', 'item_3', 'item_5']"
27,LMS,2,5,"['item_1', 'item_2']","['item_3', 'item_5', 'item_2', 'item_1', 'item_4']"
27,MPL,2,5,['item_5'],"['item_3', 'item_5', 'item_1', 'item_4', 'item_2']"
28,ADD,4,5,"['item_2', 'item_3']","['item_3', 'item_4', 'item_5', 'item_1', 'item_2']"
28,APP,4,5,"['item_1', 'item_2']","['item_3', 'item_4', 'item_5', 'item_1']"
28,LMS,4,5,"['item_1', 'item_2', 'item_3', 'item_4', 'item_5']","['item_4', 'item_3', 'item_1', 'item_2', 'item_5']"
28,MPL,4,5,['item_3'],"['item_1', 'item_3', 'item_4', 'item_5', 'item_2']"
29,ADD,2,5,['item_2'],"['item_3', 'item_2', 'item_1', 'item_4', 'item_5']"
29,APP,2,5,['item_1'],"['item_1', 'item_2', 'item_3', 'item_4']"
29,LMS,2,5,"['item_1', 'item_2']","['item_2', 'item_5', 'item_3', 'item_1', 'item_4']"
29,MPL,2,5,['item_2'],"['item_3', 'item_1', 'item_2', 'item_4', 'item_5']"
30,ADD,8,5,"['item_1', 'item_2', 'item_3', 'item_4', 'item_5']","['item_1', 'item_5', 'item_4', 'item_2', 'item_3']"
30,APP,8,5,"['item_1', 'item_2', 'item_3', 'item_4', 'item_5']","['item_1', 'item_5', 'item_4', 'item_3', 'item_2']"
30,LMS,8,5,"['item_1', 'item_2', 'item_3', 'item_4', 'item_5']","['item_2', 'item_5', 'item_4', 'item_1', 'item_3']"
30,MPL,8,5,['item_5'],"['item_1', 'item_2', 'item_4', 'item_5', 'item_3']"
31,ADD,2,5,['item_2'],"['item_3', 'item_2', 'item_4', 'item_5', 'item_1']"
31,APP,2,5,"['item_1', 'item_2']",['item_3']
31,LMS,2,5,"['item_1', 'item_2']","['item_3', 'item_2', 'item_4', 'item_5', 'item_1']"
31,MPL,2,5,['item_3'],"['item_3', 'item_1', 'item_2', 'item_5', 'item_4']"
32,ADD,2,5,['item_2'],"['item_1', 'item_2', 'item_3', 'item_5', 'item_4']"
32,APP,2,5,['item_1'],"['item_1', 'item_2', 'item_3', 'item_4']"
32,LMS,2,5,"['item_1', 'item_2']","['item_1', 'item_2', 'item_3', 'item_5', 'item_4']"
32,MPL,2,5,['item_2'],"['item_2', 'item_1', 'item_3', 'item_4', 'item_5']"
33,ADD,4,5,['item_4'],"['item_1', 'item_4', 'item_5', 'item_3', 'item_2']"
33,APP,4,5,"['item_1', 'item_4']","['item_1', 'item_3', 'item_4', 'item_5']"
33,LMS,4,5,"['item_1', 'item_2', 'item_4']","['item_1', 'item_4', 'item_5', 'item_3', 'item_2']"
33,MPL,4,5,['item_5'],"['item_1', 'item_5', 'item_4', 'item_3', 'item_2']"
34,ADD,8,5,"['item_2', 'item_4']","['item_4', 'item_2', 'item_1', 'item_3', 'item_5']"
34,APP,8,5,"['item_1', 'item_2', 'item_3', 'item_4', 'item_5']","['item_4', 'item_1', 'item_2', 'item_3', 'item_5']"
34,LMS,8,5,"['item_1', 'item_2', 'item_3', 'item_4', 'item_5']","['item_5', 'item_1', 'item_2', 'item_3', 'item_4']"
34,MPL,8,5,['item_2'],"['item_1', 'item_2', 'item_3', 'item_4', 'item_5']"
35,ADD,8,5,"['item_2', 'item_3']","['item_5', 'item_4', 'item_3', 'item_1', 'item_2']"
35,APP,8,5,"['item_1', 'item_2']","['item_3', 'item_5', 'item_4', 'item_1', 'item_2']"
35,LMS,8,5,"['item_1', 'item_2', 'item_3', 'item_4', 'item_5']","['item_5', 'item_1', 'item_2', 'item_3', 'item_4']"
35,MPL,8,5,['item_5'],"['item_1', 'item_2', 'item_4', 'item_5', 'item_3']"
36,ADD,8,5,['item_2'],"['item_3', 'item_2', 'item_5', 'item_1', 'item_4']"
36,APP,8,5,"['item_1', 'item_2']","['item_2', 'item_3', 'item_5', 'item_1', 'item_4']"
36,LMS,8,5,"['item_1', 'item_2', 'item_3', 'item_4', 'item_5']","['item_3', 'item_1', 'item_2', 'item_4', 'item_5']"
36,MPL,8,5,['item_3'],"['item_1', 'item_2', 'item_3', 'item_5', 'item_4']"
37,ADD,8,5,"['item_2', 'item_3', 'item_4', 'item_5']","['item_4', 'item_5', 'item_1', 'item_2', 'item_3']"
37,APP,8,5,"['item_3', 'item_4']","['item_5', 'item_4', 'item_1', 'item_3', 'item_2']"
37,LMS,8,5,"['item_2', 'item_3', 'item_4', 'item_5']","['item_2', 'item_4', 'item_1', 'item_3', 'item_5']"
37,MPL,8,5,['item_2'],"['item_1', 'item_5', 'item_4', 'item_3', 'item_2']"
38,ADD,2,5,['item_4'],"['item_1', 'item_4', 'item_5', 'item_3', 'item_2']"
38,APP,2,5,['item_1'],"['item_1', 'item_4', 'item_5']"
38,LMS,2,5,"['item_1', 'item_2']","['item_1', 'item_4', 'item_5', 'item_3', 'item_2']"
38,MPL,2,5,['item_4'],"['item_4', 'item_1', 'item_5', 'item_3', 'item_2']"
39,ADD,8,5,['item_4'],"['item_4', 'item_3', 'item_1', 'item_5', 'item_2']"
39,APP,8,5,"['item_1', 'item_2', 'item_3', 'item_4']","['item_4', 'item_1', 'item_3', 'item_2']"
39,LMS,8,5,"['item_1', 'item_2', 'item_3', 'item_4', 'item_5']","['item_3', 'item_1', 'item_4', 'item_5', 'item_2']"
39,MPL,8,5,['item_2'],"['item_3', 'item_4', 'item_1', 'item_2', 'item_5']"
40,ADD,8,5,"['item_4', 'item_5']","['item_1', 'item_4', 'item_2', 'item_5', 'item_3']"
40,APP,8,5,"['item_1', 'item_2', 'item_3', 'item_4', 'item_5']","['item_1', 'item_4', 'item_2', 'item_5', 'item_3']"
40,LMS,8,5,"['item_1', 'item_2', 'item_3', 'item_4', 'item_5']","['item_1', 'item_4', 'item_2', 'item_3', 'item_5']"
40,MPL,8,5,['item_4'],"['item_1', 'item_2', 'item_3', 'item_4', 'item_5']"
41,ADD,2,5,['item_4'],"['item_4', 'item_3', 'item_1', 'item_2', 'item_5']"
41,APP,2,5,"['item_1', 'item_2']","['item_4', 'item_3']"
41,LMS,2,5,['item_4'],"['item_4', 'item_1', 'item_2', 'item_3', 'item_5']"
41,MPL,2,5,['item_4'],"['item_3', 'item_4', 'item_1', 'item_2', 'item_5']"
42,ADD,4,5,['item_3'],"['item_1', 'item_3', 'item_5', 'item_4', 'item_2']"
42,APP,4,5,"['item_1', 'item_3']","['item_1', 'item_3', 'item_5', 'item_2', 'item_4']"
42,LMS,4,5,"['item_1', 'item_3', 'item_4', 'item_5']","['item_1', 'item_3', 'item_4', 'item_2', 'item_5']"
42,MPL,4,5,['item_3'],"['item_3', 'item_5', 'item_1', 'item_4', 'item_2']"
43,ADD,2,5,['item_5'],"['item_5', 'item_1', 'item_2', 'item_3', 'item_4']"
43,APP,2,5,"['item_1', 'item_2']","['item_1', 'item_2', 'item_3', 'item_4', 'item_5']"
43,LMS,2,5,['item_2'],"['item_5', 'item_2', 'item_1', 'item_3', 'item_4']"
43,MPL,2,5,['item_5'],"['item_1', 'item_5', 'item_4', 'item_3', 'item_2']"
44,ADD,2,5,['item_2'],"['item_3', 'item_2', 'item_5', 'item_1', 'item_4']"
44,APP,2,5,"['item_1', 'item_2']","['item_2', 'item_3', 'item_5']"
44,LMS,2,5,"['item_1', 'item_2']","['item_3', 'item_1', 'item_2', 'item_4', 'item_5']"
44,MPL,2,5,['item_5'],"['item_2', 'item_5', 'item_3', 'item_4', 'item_1']"
45,ADD,2,5,"['item_4', 'item_5']","['item_4', 'item_5', 'item_3', 'item_2', 'item_1']"
45,APP,2,5,"['item_1', 'item_2']","['item_5', 'item_4', 'item_3', 'item_2']"
45,LMS,2,5,"['item_1', 'item_2']","['item_5', 'item_4', 'item_1', 'item_3', 'item_2']"
45,MPL,2,5,['item_4'],"['item_4', 'item_5', 'item_3', 'item_2', 'item_1']"
46,ADD,2,5,['item_2'],"['item_4', 'item_2', 'item_1', 'item_5', 'item_3']"
46,APP,2,5,"['item_1', 'item_2']","['item_2', 'item_4', 'item_1', 'item_5']"
46,LMS,2,5,"['item_1', 'item_2']","['item_4', 'item_2', 'item_1', 'item_3', 'item_5']"
46,MPL,2,5,['item_4'],"['item_4', 'item_1', 'item_2', 'item_5', 'item_3']"
47,ADD,2,5,['item_2'],"['item_2', 'item_1', 'item_5', 'item_3', 'item_4']"
47,APP,2,5,['item_1'],"['item_1', 'item_2']"
47,LMS,2,5,"['item_1', 'item_2']","['item_2', 'item_1', 'item_5', 'item_3', 'item_4']"
47,MPL,2,5,['item_2'],"['item_2', 'item_1', 'item_4', 'item_3', 'item_5']"
48,ADD,8,5,"['item_3', 'item_5']","['item_5', 'item_3', 'item_4', 'item_2', 'item_1']"
48,APP,8,5,"['item_3', 'item_5']","['item_5', 'item_4', 'item_3', 'item_1', 'item_2']"
48,LMS,8,5,"['item_3', 'item_5']","['item_5', 'item_4', 'item_1', 'item_3', 'item_2']"
48,MPL,8,5,['item_3'],"['item_3', 'item_5', 'item_4', 'item_1', 'item_2']"
49,ADD,2,5,['item_5'],"['item_4', 'item_1', 'item_5', 'item_2', 'item_3']"
49,APP,2,5,"['item_1', 'item_2']","['item_4', 'item_1', 'item_2', 'item_5']"
49,LMS,2,5,"['item_1', 'item_2']","['item_4', 'item_5', 'item_2', 'item_1', 'item_3']"
49,MPL,2,5,['item_5'],"['item_1', 'item_4', 'item_5', 'item_2', 'item_3']"
50,ADD,2,5,['item_5'],"['item_5', 'item_1', 'item_3', 'item_4', 'item_2']"
50,APP,2,5,"['item_1', 'item_3']","['item_1', 'item_5', 'item_3', 'item_4']"
50,LMS,2,5,"['item_1', 'item_2']","['item_5', 'item_1', 'item_3', 'item_2', 'item_4']"
50,MPL,2,5,"['item_4', 'item_5']","['item_3', 'item_5', 'item_1', 'item_4', 'item_2']"
51,ADD,4,5,['item_4'],"['item_4', 'item_5', 'item_2', 'item_1', 'item_3']"
51,APP,4,5,['item_4'],"['item_4', 'item_5', 'item_1', 'item_3', 'item_2']"
51,LMS,4,5,"['item_2', 'item_4']","['item_2', 'item_3', 'item_5', 'item_1', 'item_4']"
51,MPL,4,5,['item_4'],"['item_1', 'item_2', 'item_4', 'item_5', 'item_3']"
52,ADD,2,5,['item_2'],"['item_1', 'item_2', 'item_4', 'item_5', 'item_3']"
52,APP,2,5,['item_1'],"['item_1', 'item_2', 'item_4', 'item_5']"
52,LMS,2,5,"['item_1', 'item_2']","['item_1', 'item_2', 'item_4', 'item_3', 'item_5']"
52,MPL,2,5,['item_5'],"['item_1', 'item_2', 'item_5', 'item_4', 'item_3']"
53,ADD,8,5,"['item_2', 'item_4']","['item_5', 'item_4', 'item_1', 'item_3', 'item_2']"
53,APP,8,5,"['item_2', 'item_4']","['item_1', 'item_5', 'item_4', 'item_2', 'item_3']"
53,LMS,8,5,"['item_4', 'item_5']","['item_3', 'item_1', 'item_2', 'item_4', 'item_5']"
53,MPL,8,5,['item_4'],"['item_5', 'item_4', 'item_1', 'item_2', 'item_3']"
54,ADD,2,5,"['item_1', 'item_2']","['item_1', 'item_4', 'item_5', 'item_3', 'item_2']"
54,APP,2,5,"['item_1', 'item_2']","['item_1', 'item_2', 'item_3', 'item_4', 'item_5']"
54,LMS,2,5,"['item_1', 'item_2']","['item_4', 'item_1', 'item_2', 'item_5', 'item_3']"
54,MPL,2,5,"['item_4', 'item_5']","['item_1', 'item_3', 'item_4', 'item_5', 'item_2']"
55,ADD,2,5,['item_2'],"['item_1', 'item_3', 'item_5', 'item_2', 'item_4']"
55,APP,2,5,['item_1'],"['item_1', 'item_3', 'item_5']"
55,LMS,2,5,"['item_1', 'item_2']","['item_1', 'item_2', 'item_3', 'item_4', 'item_5']"
55,MPL,2,5,['item_5'],"['item_1', 'item_3', 'item_5', 'item_2', 'item_4']"
56,ADD,8,5,['item_2'],"['item_5', 'item_2', 'item_1', 'item_3', 'item_4']"
56,APP,8,5,"['item_2', 'item_4']","['item_5', 'item_2', 'item_1', 'item_3', 'item_4']"
56,LMS,8,5,"['item_2', 'item_4']","['item_5', 'item_1', 'item_2', 'item_3', 'item_4']"
56,MPL,8,5,['item_2'],"['item_2', 'item_5', 'item_3', 'item_4', 'item_1']"
57,ADD,2,5,['item_2'],"['item_5', 'item_2', 'item_4', 'item_1', 'item_3']"
57,APP,2,5,"['item_1', 'item_2']","['item_2', 'item_4', 'item_5']"
57,LMS,2,5,"['item_1', 'item_2']","['item_2', 'item_5', 'item_4', 'item_1', 'item_3']"
57,MPL,2,5,['item_5'],"['item_5', 'item_2', 'item_4', 'item_1', 'item_3']"
58,ADD,2,5,['item_2'],"['item_2', 'item_1', 'item_4', 'item_5', 'item_3']"
58,APP,2,5,['item_1'],"['item_1', 'item_2', 'item_4']"
58,LMS,2,5,['item_2'],"['item_2', 'item_5', 'item_3', 'item_1', 'item_4']"
58,MPL,2,5,['item_2'],"['item_1', 'item_2', 'item_4', 'item_5', 'item_3']"
59,ADD,4,5,['item_5'],"['item_5', 'item_2', 'item_4', 'item_1', 'item_3']"
59,APP,4,5,"['item_1', 'item_2']","['item_2', 'item_5', 'item_1', 'item_4']"
59,LMS,4,5,"['item_1', 'item_2', 'item_3', 'item_4', 'item_5']","['item_2', 'item_5', 'item_1', 'item_3', 'item_4']"
59,MPL,4,5,"['item_4', 'item_5']","['item_5', 'item_4', 'item_1', 'item_2', 'item_3']"
60,ADD,4,5,['item_2'],"['item_3', 'item_5', 'item_2', 'item_4', 'item_1']"
60,APP,4,5,"['item_1', 'item_2']","['item_5', 'item_3', 'item_2', 'item_1']"
60,LMS,4,5,"['item_1', 'item_2', 'item_3', 'item_4', 'item_5']","['item_5', 'item_4', 'item_3', 'item_1', 'item_2']"
60,MPL,4,5,['item_2'],"['item_2', 'item_3', 'item_5', 'item_1', 'item_4']"
61,ADD,4,5,"['item_3', 'item_4']","['item_3', 'item_4', 'item_2', 'item_1', 'item_5']"
61,APP,4,5,"['item_1', 'item_2', 'item_3']","['item_2', 'item_4', 'item_3', 'item_1', 'item_5']"
61,LMS,4,5,"['item_1', 'item_2', 'item_3', 'item_4']","['item_3', 'item_4', 'item_1', 'item_2', 'item_5']"
61,MPL,4,5,['item_4'],"['item_2', 'item_5', 'item_4', 'item_1', 'item_3']"
62,ADD,2,5,['item_2'],"['item_3', 'item_4', 'item_2', 'item_1', 'item_5']"
62,APP,2,5,"['item_1', 'item_2']","['item_3', 'item_4']"
62,LMS,2,5,['item_2'],"['item_3', 'item_2', 'item_1', 'item_4', 'item_5']"
62,MPL,2,5,['item_2'],"['item_3', 'item_4', 'item_2', 'item_1', 'item_5']"
63,ADD,4,5,['item_2'],"['item_3', 'item_5', 'item_4', 'item_2', 'item_1']"
63,APP,4,5,"['item_1', 'item_3']","['item_3', 'item_4', 'item_2', 'item_1', 'item_5']"
63,LMS,4,5,"['item_1', 'item_2', 'item_3', 'item_4', 'item_5']","['item_3', 'item_5', 'item_1', 'item_2', 'item_4']"
63,MPL,4,5,['item_4'],"['item_1', 'item_2', 'item_4', 'item_5', 'item_3']"
64,ADD,2,5,['item_5'],"['item_5', 'item_1', 'item_4', 'item_2', 'item_3']"
64,APP,2,5,['item_1'],"['item_1', 'item_5']"
64,LMS,2,5,"['item_1', 'item_2']","['item_1', 'item_5', 'item_4', 'item_3', 'item_2']"
64,MPL,2,5,['item_5'],"['item_5', 'item_1', 'item_2', 'item_4', 'item_3']"
65,ADD,2,5,['item_2'],"['item_3', 'item_1', 'item_2', 'item_4', 'item_5']"
65,APP,2,5,['item_1'],"['item_3', 'item_1', 'item_2']"
65,LMS,2,5,"['item_1', 'item_2']","['item_3', 'item_5', 'item_4', 'item_2', 'item_1']"
65,MPL,2,5,['item_2'],"['item_1', 'item_3', 'item_2', 'item_4', 'item_5']"
66,ADD,8,5,"['item_2', 'item_3']","['item_4', 'item_2', 'item_3', 'item_1', 'item_5']"
66,APP,8,5,"['item_1', 'item_2', 'item_3', 'item_4', 'item_5']","['item_4', 'item_3', 'item_2', 'item_1', 'item_5']"
66,LMS,8,5,"['item_1', 'item_2', 'item_3', 'item_4', 'item_5']","['item_1', 'item_5', 'item_4', 'item_3', 'item_2']"
66,MPL,8,5,['item_2'],"['item_2', 'item_4', 'item_3', 'item_1', 'item_5']"
67,ADD,2,5,['item_2'],"['item_3', 'item_1', 'item_2', 'item_4', 'item_5']"
67,APP,2,5,['item_1'],"['item_1', 'item_2', 'item_3']"
67,LMS,2,5,"['item_1', 'item_2']","['item_3', 'item_1', 'item_2', 'item_4', 'item_5']"
67,MPL,2,5,['item_2'],"['item_3', 'item_1', 'item_2', 'item_4', 'item_5']"
68,ADD,8,5,"['item_1', 'item_2', 'item_3', 'item_4', 'item_5']","['item_1', 'item_4', 'item_5', 'item_3', 'item_2']"
68,APP,8,5,"['item_1', 'item_2']","['item_1', 'item_5', 'item_4', 'item_3', 'item_2']"
68,LMS,8,5,"['item_1', 'item_2', 'item_3', 'item_4', 'item_5']","['item_1', 'item_5', 'item_4', 'item_2', 'item_3']"
68,MPL,8,5,['item_3'],"['item_1', 'item_4', 'item_2', 'item_3', 'item_5']"
69,ADD,4,5,['item_2'],"['item_3', 'item_2', 'item_5', 'item_1', 'item_4']"
69,APP,4,5,"['item_1', 'item_2', 'item_3']","['item_3', 'item_2', 'item_4', 'item_5']"
69,LMS,4,5,"['item_3', 'item_4', 'item_5']","['item_3', 'item_2', 'item_1', 'item_4', 'item_5']"
69,MPL,4,5,['item_2'],"['item_2', 'item_3', 'item_4', 'item_5', 'item_1']"
70,ADD,8,5,"['item_4', 'item_5']","['item_3', 'item_5', 'item_1', 'item_2', 'item_4']"
70,APP,8,5,"['item_1', 'item_2', 'item_3', 'item_4', 'item_5']","['item_4', 'item_1', 'item_3', 'item_2', 'item_5']"
70,LMS,8,5,"['item_1', 'item_2', 'item_3', 'item_4', 'item_5']","['item_1', 'item_5', 'item_2', 'item_3', 'item_4']"
70,MPL,8,5,['item_4'],"['item_2', 'item_3', 'item_5', 'item_1', 'item_4']"
71,ADD,4,5,"['item_2', 'item_5']","['item_1', 'item_3', 'item_5', 'item_2', 'item_4']"
71,APP,4,5,"['item_1', 'item_2']","['item_1', 'item_3', 'item_2', 'item_5']"
71,LMS,4,5,"['item_1', 'item_2', 'item_3', 'item_4', 'item_5']","['item_3', 'item_1', 'item_5', 'item_4', 'item_2']"
71,MPL,4,5,['item_5'],"['item_1', 'item_3', 'item_5', 'item_2', 'item_4']"
72,ADD,4,5,['item_2'],"['item_2', 'item_4', 'item_3', 'item_1', 'item_5']"
72,APP,4,5,['item_2'],"['item_2', 'item_1', 'item_4', 'item_3', 'item_5']"
72,LMS,4,5,"['item_2', 'item_3', 'item_4', 'item_5']","['item_2', 'item_3', 'item_1', 'item_4', 'item_5']"
72,MPL,4,5,['item_2'],"['item_3', 'item_4', 'item_1', 'item_2', 'item_5']"
73,ADD,4,5,['item_2'],"['item_3', 'item_4', 'item_2', 'item_1', 'item_5']"
73,APP,4,5,"['item_1', 'item_2']","['item_3', 'item_4', 'item_2', 'item_1']"
73,LMS,4,5,"['item_1', 'item_2', 'item_3', 'item_4', 'item_5']","['item_2', 'item_4', 'item_5', 'item_1', 'item_3']"
73,MPL,4,5,['item_2'],"['item_1', 'item_2', 'item_3', 'item_4', 'item_5']"
74,ADD,4,5,['item_2'],"['item_4', 'item_5', 'item_2', 'item_1', 'item_3']"
74,APP,4,5,"['item_1', 'item_2']","['item_5', 'item_2', 'item_3', 'item_4']"
74,LMS,4,5,"['item_1', 'item_2', 'item_3', 'item_4', 'item_5']","['item_1', 'item_4', 'item_2', 'item_3', 'item_5']"
74,MPL,4,5,['item_2'],"['item_4', 'item_5', 'item_2', 'item_3', 'item_1']"
75,ADD,4,5,['item_2'],"['item_1', 'item_3', 'item_4', 'item_2', 'item_5']"
75,APP,4,5,"['item_1', 'item_2']","['item_3', 'item_1', 'item_4', 'item_5', 'item_2']"
75,LMS,4,5,"['item_1', 'item_2', 'item_3', 'item_4', 'item_5']","['item_1', 'item_2', 'item_3', 'item_4', 'item_5']"
75,MPL,4,5,['item_2'],"['item_3', 'item_1', 'item_2', 'item_4', 'item_5']"
76,ADD,8,5,['item_2'],"['item_1', 'item_2', 'item_4', 'item_3', 'item_5']"
76,APP,8,5,"['item_1', 'item_2']","['item_2', 'item_1', 'item_3', 'item_4', 'item_5']"
76,LMS,8,5,"['item_1', 'item_2']","['item_1', 'item_4', 'item_2', 'item_3', 'item_5']"
76,MPL,8,5,['item_2'],"['item_2', 'item_5', 'item_1', 'item_3', 'item_4']"
77,ADD,8,5,"['item_2', 'item_3', 'item_4', 'item_5']","['item_2', 'item_3', 'item_1', 'item_5', 'item_4']"
77,APP,8,5,"['item_1', 'item_2', 'item_3', 'item_4', 'item_5']","['item_2', 'item_1', 'item_3', 'item_5', 'item_4']"
77,LMS,8,5,"['item_1', 'item_2', 'item_3', 'item_4', 'item_5']","['item_5', 'item_3', 'item_2', 'item_4', 'item_1']"
77,MPL,8,5,['item_5'],"['item_1', 'item_2', 'item_3', 'item_5', 'item_4']"
78,ADD,4,5,['item_2'],"['item_1', 'item_2', 'item_3', 'item_5', 'item_4']"
78,APP,4,5,"['item_1', 'item_2']","['item_1', 'item_2', 'item_3']"
78,LMS,4,5,"['item_1', 'item_2']","['item_1', 'item_2', 'item_3', 'item_4', 'item_5']"
78,MPL,4,5,['item_2'],"['item_1', 'item_2', 'item_3', 'item_5', 'item_4']"
79,ADD,8,5,['item_2'],"['item_3', 'item_2', 'item_5', 'item_4', 'item_1']"
79,APP,8,5,['item_2'],"['item_3', 'item_2', 'item_1', 'item_4', 'item_5']"
79,LMS,8,5,"['item_1', 'item_2', 'item_3', 'item_4', 'item_5']","['item_2', 'item_5', 'item_3', 'item_1', 'item_4']"
79,MPL,8,5,['item_2'],"['item_3', 'item_4', 'item_2', 'item_5', 'item_1']"
80,ADD,4,5,['item_5'],"['item_5', 'item_1', 'item_3', 'item_2', 'item_4']"
80,APP,4,5,"['item_1', 'item_3']","['item_5', 'item_1', 'item_3', 'item_2', 'item_4']"
80,LMS,4,5,"['item_1', 'item_2']","['item_2', 'item_3', 'item_1', 'item_4', 'item_5']"
80,MPL,4,5,['item_4'],"['item_2', 'item_5', 'item_4', 'item_1', 'item_3']"
81,ADD,8,5,"['item_5', 'item_4']","['item_3', 'item_1', 'item_5', 'item_4', 'item_2']"
81,APP,8,5,"['item_1', 'item_2', 'item_3', 'item_4', 'item_5']","['item_1', 'item_3', 'item_5', 'item_2', 'item_4']"
81,LMS,8,5,"['item_1', 'item_2', 'item_3', 'item_4', 'item_5']","['item_3', 'item_1', 'item_2', 'item_4', 'item_5']"
81,MPL,8,5,['item_5'],"['item_1', 'item_3', 'item_5', 'item_2', 'item_4']"
82,ADD,2,5,['item_2'],"['item_2', 'item_1', 'item_5', 'item_4', 'item_3']"
82,APP,2,5,['item_1'],"['item_2', 'item_1', 'item_4']"
82,LMS,2,5,['item_2'],"['item_2', 'item_5', 'item_1', 'item_3', 'item_4']"
82,MPL,2,5,['item_2'],"['item_1', 'item_2', 'item_4', 'item_5', 'item_3']"
83,ADD,2,5,['item_4'],"['item_1', 'item_4', 'item_5', 'item_2', 'item_3']"
83,APP,2,5,['item_1'],"['item_1', 'item_4', 'item_2', 'item_5']"
83,LMS,2,5,"['item_1', 'item_2']","['item_1', 'item_4', 'item_2', 'item_5', 'item_3']"
83,MPL,2,5,['item_5'],"['item_1', 'item_5', 'item_4', 'item_2', 'item_3']"
84,ADD,2,5,['item_2'],"['item_1', 'item_2', 'item_4', 'item_3', 'item_5']"
84,APP,2,5,['item_1'],"['item_1', 'item_2', 'item_4']"
84,LMS,2,5,"['item_1', 'item_2']","['item_1', 'item_2', 'item_4', 'item_3', 'item_5']"
84,MPL,2,5,['item_2'],"['item_1', 'item_2', 'item_4', 'item_3', 'item_5']"
85,ADD,8,5,"['item_3', 'item_4']","['item_3', 'item_1', 'item_2', 'item_4', 'item_5']"
85,APP,8,5,"['item_3', 'item_4']","['item_3', 'item_1', 'item_5', 'item_2', 'item_4']"
85,LMS,8,5,"['item_1', 'item_2', 'item_3', 'item_4', 'item_5']","['item_2', 'item_1', 'item_4', 'item_3', 'item_5']"
85,MPL,8,5,['item_3'],"['item_1', 'item_2', 'item_3', 'item_4', 'item_5']"
86,ADD,8,5,"['item_2', 'item_4']","['item_2', 'item_3', 'item_1', 'item_4', 'item_5']"
86,APP,8,5,"['item_1', 'item_2']","['item_2', 'item_3', 'item_1', 'item_4', 'item_5']"
86,LMS,8,5,"['item_1', 'item_2', 'item_3', 'item_4', 'item_5']","['item_4', 'item_1', 'item_3', 'item_2', 'item_5']"
86,MPL,8,5,['item_4'],"['item_1', 'item_2', 'item_3', 'item_5', 'item_4']"
87,ADD,2,5,['item_2'],"['item_5', 'item_3', 'item_1', 'item_4', 'item_2']"
87,APP,2,5,['item_1'],[]
87,LMS,2,5,"['item_1', 'item_2']","['item_5', 'item_3', 'item_1', 'item_2', 'item_4']"
87,MPL,2,5,['item_2'],"['item_3', 'item_5', 'item_1', 'item_4', 'item_2']"
88,ADD,4,5,"['item_2', 'item_4']","['item_5', 'item_2', 'item_4', 'item_3', 'item_1']"
88,APP,4,5,"['item_1', 'item_2', 'item_3', 'item_4', 'item_5']","['item_3', 'item_1', 'item_2', 'item_4', 'item_5']"
88,LMS,4,5,"['item_1', 'item_2', 'item_3', 'item_4', 'item_5']","['item_5', 'item_4', 'item_1', 'item_3', 'item_2']"
88,MPL,4,5,['item_4'],"['item_2', 'item_5', 'item_4', 'item_1', 'item_3']"
89,ADD,8,5,"['item_3', 'item_4', 'item_5']","['item_3', 'item_5', 'item_2', 'item_4', 'item_1']"
89,APP,8,5,"['item_3', 'item_4', 'item_5']","['item_3', 'item_1', 'item_2', 'item_4', 'item_5']"
89,LMS,8,5,"['item_3', 'item_4', 'item_5']","['item_5', 'item_1', 'item_2', 'item_3', 'item_4']"
89,MPL,8,5,['item_5'],"['item_1', 'item_3', 'item_4', 'item_5', 'item_2']"
90,ADD,4,5,"['item_2', 'item_4']","['item_4', 'item_1', 'item_3', 'item_5', 'item_2']"
90,APP,4,5,"['item_1', 'item_3']","['item_4', 'item_1', 'item_2', 'item_3', 'item_5']"
90,LMS,4,5,"['item_1', 'item_2', 'item_3', 'item_4', 'item_5']","['item_5', 'item_3', 'item_1', 'item_2', 'item_4']"
90,MPL,4,5,"['item_1', 'item_2']","['item_1', 'item_3', 'item_4', 'item_2', 'item_5']"
91,ADD,4,5,['item_2'],"['item_1', 'item_5', 'item_2', 'item_3', 'item_4']"
91,APP,4,5,"['item_1', 'item_2']","['item_1', 'item_2', 'item_5', 'item_3', 'item_4']"
91,LMS,4,5,"['item_1', 'item_2', 'item_3', 'item_4', 'item_5']","['item_1', 'item_5', 'item_2', 'item_3', 'item_4']"
91,MPL,4,5,['item_3'],"['item_1', 'item_3', 'item_5', 'item_2', 'item_4']"
92,ADD,2,5,['item_2'],"['item_3', 'item_4', 'item_2', 'item_5', 'item_1']"
92,APP,2,5,['item_1'],"['item_3', 'item_4', 'item_5']"
92,LMS,2,5,"['item_1', 'item_2']","['item_2', 'item_3', 'item_1', 'item_4', 'item_5']"
92,MPL,2,5,['item_4'],"['item_4', 'item_3', 'item_5', 'item_2', 'item_1']"
93,ADD,2,5,['item_2'],"['item_4', 'item_1', 'item_2', 'item_3', 'item_5']"
93,APP,2,5,['item_1'],"['item_1', 'item_4']"
93,LMS,2,5,"['item_1', 'item_2']","['item_4', 'item_1', 'item_2', 'item_3', 'item_5']"
93,MPL,2,5,['item_4'],"['item_4', 'item_1', 'item_2', 'item_3', 'item_5']"
94,ADD,4,5,"['item_3', 'item_5']","['item_1', 'item_5', 'item_3', 'item_2', 'item_4']"
94,APP,4,5,['item_3'],"['item_1', 'item_5', 'item_2', 'item_3', 'item_4']"
94,LMS,4,5,['item_3'],"['item_1', 'item_5', 'item_3', 'item_2', 'item_4']"
94,MPL,4,5,['item_3'],"['item_3', 'item_1', 'item_5', 'item_2', 'item_4']"
95,ADD,8,5,"['item_3', 'item_4']","['item_3', 'item_4', 'item_5', 'item_1', 'item_2']"
95,APP,8,5,"['item_1', 'item_2', 'item_3']","['item_3', 'item_1', 'item_4', 'item_2', 'item_5']"
95,LMS,8,5,"['item_1', 'item_2', 'item_3', 'item_4', 'item_5']","['item_5', 'item_4', 'item_1', 'item_3', 'item_2']"
95,MPL,8,5,['item_3'],"['item_2', 'item_5', 'item_3', 'item_1', 'item_4']"
96,ADD,2,5,['item_4'],"['item_4', 'item_2', 'item_3', 'item_1', 'item_5']"
96,APP,2,5,['item_1'],"['item_2', 'item_4']"
96,LMS,2,5,"['item_1', 'item_2']","['item_4', 'item_2', 'item_3', 'item_1', 'item_5']"
96,MPL,2,5,['item_4'],"['item_4', 'item_2', 'item_1', 'item_3', 'item_5']"
97,ADD,4,5,['item_2'],"['item_4', 'item_2', 'item_1', 'item_3', 'item_5']"
97,APP,4,5,"['item_1', 'item_2']","['item_1', 'item_4', 'item_2', 'item_3', 'item_5']"
97,LMS,4,5,"['item_1', 'item_2']","['item_4', 'item_2', 'item_1', 'item_3', 'item_5']"
97,MPL,4,5,['item_4'],"['item_2', 'item_4', 'item_1', 'item_3', 'item_5']"
98,ADD,4,5,['item_2'],"['item_3', 'item_5', 'item_1', 'item_2', 'item_4']"
98,APP,4,5,"['item_1', 'item_3']","['item_3', 'item_1', 'item_2', 'item_4', 'item_5']"
98,LMS,4,5,"['item_1', 'item_2', 'item_3', 'item_4', 'item_5']","['item_3', 'item_5', 'item_1', 'item_2', 'item_4']"
98,MPL,4,5,['item_3'],"['item_2', 'item_3', 'item_4', 'item_1', 'item_5']"
99,ADD,4,5,['item_2'],"['item_3', 'item_2', 'item_1', 'item_4', 'item_5']"
99,APP,4,5,"['item_1', 'item_2']","['item_3', 'item_1', 'item_2', 'item_4', 'item_5']"
99,LMS,4,5,"['item_1', 'item_2']","['item_3', 'item_2', 'item_4', 'item_5', 'item_1']"
99,MPL,4,5,['item_5'],"['item_1', 'item_2', 'item_3', 'item_4', 'item_5']"
100,ADD,4,5,"['item_3', 'item_4', 'item_5']","['item_5', 'item_4', 'item_3', 'item_1', 'item_2']"
100,APP,4,5,"['item_3', 'item_4', 'item_5']","['item_5', 'item_4', 'item_3', 'item_1', 'item_2']"
100,LMS,4,5,"['item_3', 'item_4', 'item_5']","['item_4', 'item_5', 'item_1', 'item_2', 'item_3']"
100,MPL,4,5,"['item_4', 'item_5']","['item_3', 'item_5', 'item_4', 'item_1', 'item_2']"
101,ADD,2,5,['item_2'],"['item_3', 'item_5', 'item_1', 'item_4', 'item_2']"
101,APP,2,5,['item_1'],"['item_1', 'item_2', 'item_3', 'item_5']"
101,LMS,2,5,"['item_1', 'item_2']","['item_4', 'item_3', 'item_2', 'item_5', 'item_1']"
101,MPL,2,5,['item_4'],"['item_1', 'item_3', 'item_5', 'item_2', 'item_4']"
102,ADD,8,5,['item_2'],"['item_1', 'item_3', 'item_5', 'item_2', 'item_4']"
102,APP,8,5,"['item_1', 'item_2']","['item_3', 'item_1', 'item_2', 'item_5', 'item_4']"
102,LMS,8,5,"['item_1', 'item_2', 'item_3', 'item_4', 'item_5']","['item_5', 'item_1', 'item_2', 'item_3', 'item_4']"
102,MPL,8,5,['item_5'],"['item_3', 'item_1', 'item_5', 'item_2', 'item_4']"
103,ADD,4,5,['item_4'],"['item_4', 'item_3', 'item_5', 'item_1', 'item_2']"
103,APP,4,5,['item_3'],"['item_3', 'item_4', 'item_5']"
103,LMS,4,5,"['item_1', 'item_2', 'item_3', 'item_4', 'item_5']","['item_1', 'item_4', 'item_2', 'item_3', 'item_5']"
103,MPL,4,5,['item_4'],"['item_3', 'item_5', 'item_4', 'item_1', 'item_2']"
104,ADD,4,5,"['item_2', 'item_4']","['item_4', 'item_2', 'item_5', 'item_1', 'item_3']"
104,APP,4,5,"['item_1', 'item_2']","['item_2', 'item_4', 'item_1', 'item_5', 'item_3']"
104,LMS,4,5,"['item_1', 'item_2', 'item_3', 'item_4', 'item_5']","['item_4', 'item_5', 'item_2', 'item_3', 'item_1']"
104,MPL,4,5,['item_2'],"['item_5', 'item_1', 'item_2', 'item_4', 'item_3']"
105,ADD,2,5,"['item_4', 'item_5']","['item_4', 'item_1', 'item_3', 'item_5', 'item_2']"
105,APP,2,5,"['item_1', 'item_3']","['item_4', 'item_1', 'item_3', 'item_5']"
105,LMS,2,5,"['item_1', 'item_2']","['item_4', 'item_1', 'item_3', 'item_5', 'item_2']"
105,MPL,2,5,"['item_3', 'item_4']","['item_3', 'item_5', 'item_4', 'item_1', 'item_2']"
106,ADD,8,5,['item_5'],"['item_5', 'item_4', 'item_1', 'item_3', 'item_2']"
106,APP,8,5,"['item_1', 'item_2', 'item_3', 'item_4', 'item_5']","['item_5', 'item_4', 'item_3', 'item_1', 'item_2']"
106,LMS,8,5,"['item_1', 'item_2', 'item_3', 'item_4', 'item_5']","['item_1', 'item_2', 'item_4', 'item_5', 'item_3']"
106,MPL,8,5,['item_5'],"['item_1', 'item_3', 'item_4', 'item_5', 'item_2']"
107,ADD,4,5,['item_2'],"['item_4', 'item_5', 'item_2', 'item_3', 'item_1']"
107,APP,4,5,"['item_1', 'item_2']","['item_4', 'item_5', 'item_2', 'item_1', 'item_3']"
107,LMS,4,5,['item_2'],"['item_5', 'item_1', 'item_2', 'item_3', 'item_4']"
107,MPL,4,5,['item_4'],"['item_5', 'item_4', 'item_2', 'item_1', 'item_3']"
108,ADD,4,5,"['item_3', 'item_4']","['item_1', 'item_4', 'item_3', 'item_5', 'item_2']"
108,APP,4,5,"['item_1', 'item_2']","['item_1', 'item_3', 'item_4', 'item_5']"
108,LMS,4,5,"['item_1', 'item_2', 'item_3', 'item_4', 'item_5']","['item_4', 'item_5', 'item_2', 'item_1', 'item_3']"
108,MPL,4,5,['item_4'],"['item_1', 'item_4', 'item_3', 'item_5', 'item_2']"
109,ADD,8,5,"['item_2', 'item_4', 'item_5']","['item_3', 'item_5', 'item_1', 'item_4', 'item_2']"
109,APP,8,5,"['item_1', 'item_2', 'item_3', 'item_4', 'item_5']","['item_5', 'item_3', 'item_2', 'item_1', 'item_4']"
109,LMS,8,5,"['item_1', 'item_2', 'item_3', 'item_4', 'item_5']","['item_1', 'item_2', 'item_4', 'item_3', 'item_5']"
109,MPL,8,5,['item_3'],"['item_1', 'item_3', 'item_5', 'item_2', 'item_4']"
110,ADD,8,5,"['item_1', 'item_2', 'item_3', 'item_4', 'item_5']","['item_1', 'item_2', 'item_3', 'item_4', 'item_5']"
110,APP,8,5,"['item_1', 'item_2', 'item_3']","['item_2', 'item_1', 'item_3', 'item_4', 'item_5']"
110,LMS,8,5,"['item_1', 'item_2', 'item_3', 'item_4', 'item_5']","['item_1', 'item_2', 'item_3', 'item_4', 'item_5']"
110,MPL,8,5,['item_3'],"['item_1', 'item_2', 'item_3', 'item_4', 'item_5']"
111,ADD,2,5,['item_5'],"['item_1', 'item_5', 'item_2', 'item_3', 'item_4']"
111,APP,2,5,['item_1'],"['item_5', 'item_1', 'item_3']"
111,LMS,2,5,"['item_1', 'item_2']","['item_5', 'item_1', 'item_2', 'item_4', 'item_3']"
111,MPL,2,5,['item_5'],"['item_1', 'item_5', 'item_3', 'item_2', 'item_4']"
112,ADD,4,5,['item_2'],"['item_4', 'item_1', 'item_2', 'item_3', 'item_5']"
112,APP,4,5,"['item_1', 'item_2']","['item_1', 'item_4', 'item_2']"
112,LMS,4,5,"['item_1', 'item_2']","['item_2', 'item_4', 'item_1', 'item_3', 'item_5']"
112,MPL,4,5,['item_4'],"['item_4', 'item_1', 'item_2', 'item_3', 'item_5']"
113,ADD,2,5,['item_2'],"['item_3', 'item_4', 'item_2', 'item_5', 'item_1']"
113,APP,2,5,['item_1'],"['item_3', 'item_4']"
113,LMS,2,5,"['item_1', 'item_2']","['item_3', 'item_4', 'item_2', 'item_5', 'item_1']"
113,MPL,2,5,['item_3'],"['item_3', 'item_4', 'item_2', 'item_5', 'item_1']"
114,ADD,2,5,['item_2'],"['item_4', 'item_3', 'item_1', 'item_5', 'item_2']"
114,APP,2,5,['item_1'],"['item_3', 'item_4']"
114,LMS,2,5,['item_2'],"['item_4', 'item_1', 'item_3', 'item_5', 'item_2']"
114,MPL,2,5,['item_2'],"['item_3', 'item_4', 'item_1', 'item_2', 'item_5']"
115,ADD,8,5,"['item_3', 'item_4']","['item_2', 'item_3', 'item_1', 'item_4', 'item_5']"
115,APP,8,5,['item_3'],"['item_2', 'item_3', 'item_1', 'item_4', 'item_5']"
115,LMS,8,5,"['item_3', 'item_4']","['item_3', 'item_1', 'item_2', 'item_4', 'item_5']"
115,MPL,8,5,['item_3'],"['item_1', 'item_2', 'item_3', 'item_4', 'item_5']"
116,ADD,4,5,['item_4'],"['item_5', 'item_1', 'item_4', 'item_3', 'item_2']"
116,APP,4,5,"['item_1', 'item_4']","['item_5', 'item_1', 'item_4', 'item_3']"
116,LMS,4,5,"['item_1', 'item_2', 'item_3', 'item_4', 'item_5']","['item_1', 'item_4', 'item_5', 'item_3', 'item_2']"
116,MPL,4,5,['item_4'],"['item_5', 'item_1', 'item_4', 'item_3', 'item_2']"
117,ADD,4,5,['item_2'],"['item_2', 'item_5', 'item_1', 'item_4', 'item_3']"
117,APP,4,5,"['item_1', 'item_2']","['item_2', 'item_5', 'item_1']"
117,LMS,4,5,"['item_1', 'item_2']","['item_2', 'item_5', 'item_1', 'item_3', 'item_4']"
117,MPL,4,5,['item_5'],"['item_2', 'item_5', 'item_1', 'item_4', 'item_3']"
118,ADD,2,5,['item_3'],"['item_3', 'item_4', 'item_1', 'item_5', 'item_2']"
118,APP,2,5,"['item_1', 'item_2']","['item_1', 'item_3', 'item_4', 'item_5']"
118,LMS,2,5,"['item_1', 'item_2']","['item_3', 'item_5', 'item_1', 'item_4', 'item_2']"
118,MPL,2,5,['item_3'],"['item_4', 'item_3', 'item_1', 'item_5', 'item_2']"
119,ADD,2,5,['item_2'],"['item_5', 'item_3', 'item_1', 'item_4', 'item_2']"
119,APP,2,5,"['item_1', 'item_2']","['item_5', 'item_1', 'item_3', 'item_4']"
119,LMS,2,5,"['item_1', 'item_2']","['item_5', 'item_1', 'item_3', 'item_2', 'item_4']"
119,MPL,2,5,['item_5'],"['item_3', 'item_5', 'item_1', 'item_4', 'item_2']"
120,ADD,2,5,['item_2'],"['item_2', 'item_3', 'item_1', 'item_5', 'item_4']"
120,APP,2,5,"['item_1', 'item_2']","['item_2', 'item_1', 'item_3', 'item_5']"
120,LMS,2,5,['item_2'],"['item_2', 'item_3', 'item_1', 'item_5', 'item_4']"
120,MPL,2,5,['item_2'],"['item_2', 'item_1', 'item_3', 'item_5', 'item_4']"
121,ADD,8,5,"['item_2', 'item_3']","['item_2', 'item_3', 'item_1', 'item_4', 'item_5']"
121,APP,8,5,['item_2'],"['item_1', 'item_2', 'item_3', 'item_4', 'item_5']"
121,LMS,8,5,"['item_2', 'item_3']","['item_4', 'item_3', 'item_1', 'item_2', 'item_5']"
121,MPL,8,5,['item_2'],"['item_2', 'item_5', 'item_3', 'item_1', 'item_4']"
122,ADD,8,5,['item_2'],"['item_3', 'item_1', 'item_4', 'item_2', 'item_5']"
122,APP,8,5,['item_2'],"['item_1', 'item_2', 'item_3', 'item_4', 'item_5']"
122,LMS,8,5,"['item_1', 'item_2', 'item_3', 'item_4', 'item_5']","['item_1', 'item_2', 'item_3', 'item_4', 'item_5']"
122,MPL,8,5,['item_4'],"['item_5', 'item_1', 'item_3', 'item_4', 'item_2']"
123,ADD,4,5,"['item_2', 'item_4']","['item_3', 'item_4', 'item_5', 'item_2', 'item_1']"
123,APP,4,5,"['item_1', 'item_3']","['item_4', 'item_1', 'item_2', 'item_3', 'item_5']"
123,LMS,4,5,"['item_1', 'item_2', 'item_3', 'item_4', 'item_5']","['item_3', 'item_1', 'item_2', 'item_4', 'item_5']"
123,MPL,4,5,['item_4'],"['item_3', 'item_5', 'item_1', 'item_2', 'item_4']"
124,ADD,4,5,['item_2'],"['item_3', 'item_1', 'item_4', 'item_2', 'item_5']"
124,APP,4,5,['item_1'],"['item_1', 'item_3', 'item_2', 'item_4']"
124,LMS,4,5,"['item_1', 'item_2', 'item_3', 'item_4', 'item_5']","['item_4', 'item_1', 'item_2', 'item_3', 'item_5']"
124,MPL,4,5,['item_3'],"['item_2', 'item_1', 'item_3', 'item_4', 'item_5']"
125,ADD,4,5,['item_2'],"['item_4', 'item_1', 'item_2', 'item_5', 'item_3']"
125,APP,4,5,['item_1'],"['item_4', 'item_1', 'item_2', 'item_5']"
125,LMS,4,5,"['item_1', 'item_2']","['item_1', 'item_2', 'item_3', 'item_4', 'item_5']"
125,MPL,4,5,['item_4'],"['item_1', 'item_2', 'item_4', 'item_5', 'item_3']"
126,ADD,4,5,['item_2'],"['item_4', 'item_2', 'item_1', 'item_3', 'item_5']"
126,APP,4,5,"['item_1', 'item_2']","['item_2', 'item_4', 'item_1', 'item_3', 'item_5']"
126,LMS,4,5,"['item_1', 'item_2']","['item_4', 'item_1', 'item_2', 'item_3', 'item_5']"
126,MPL,4,5,['item_4'],"['item_2', 'item_4', 'item_1', 'item_5', 'item_3']"
127,ADD,2,5,['item_5'],"['item_5', 'item_2', 'item_1', 'item_3', 'item_4']"
127,APP,2,5,['item_1'],"['item_2', 'item_5']"
127,LMS,2,5,"['item_1', 'item_2']","['item_5', 'item_1', 'item_2', 'item_3', 'item_4']"
127,MPL,2,5,['item_2'],"['item_2', 'item_5', 'item_1', 'item_3', 'item_4']"
128,ADD,2,5,['item_2'],"['item_1', 'item_3', 'item_5', 'item_4', 'item_2']"
128,APP,2,5,['item_1'],"['item_1', 'item_3', 'item_4', 'item_5']"
128,LMS,2,5,"['item_1', 'item_2']","['item_1', 'item_3', 'item_4', 'item_5', 'item_2']"
128,MPL,2,5,['item_5'],"['item_5', 'item_1', 'item_3', 'item_4', 'item_2']"
129,ADD,4,5,['item_2'],"['item_4', 'item_3', 'item_1', 'item_2', 'item_5']"
129,APP,4,5,"['item_1', 'item_2']","['item_4', 'item_1', 'item_3', 'item_5']"
129,LMS,4,5,"['item_1', 'item_2', 'item_3', 'item_4']","['item_4', 'item_1', 'item_3', 'item_2', 'item_5']"
129,MPL,4,5,['item_4'],"['item_4', 'item_1', 'item_3', 'item_5', 'item_2']"
130,ADD,8,5,['item_5'],"['item_1', 'item_5', 'item_2', 'item_3', 'item_4']"
130,APP,8,5,['item_5'],"['item_1', 'item_5', 'item_3', 'item_2', 'item_4']"
130,LMS,8,5,['item_5'],"['item_1', 'item_3', 'item_2', 'item_4', 'item_5']"
130,MPL,8,5,['item_5'],"['item_1', 'item_2', 'item_5', 'item_3', 'item_4']"
131,ADD,2,5,['item_2'],"['item_3', 'item_4', 'item_1', 'item_2', 'item_5']"
131,APP,2,5,['item_1'],"['item_3', 'item_4', 'item_1']"
131,LMS,2,5,"['item_1', 'item_2']","['item_3', 'item_4', 'item_1', 'item_2', 'item_5']"
131,MPL,2,5,['item_4'],"['item_1', 'item_3', 'item_4', 'item_5', 'item_2']"
132,ADD,8,5,['item_2'],"['item_3', 'item_5', 'item_2', 'item_4', 'item_1']"
132,APP,8,5,['item_2'],"['item_2', 'item_4', 'item_3', 'item_5', 'item_1']"
132,LMS,8,5,"['item_2', 'item_4']","['item_5', 'item_1', 'item_3', 'item_2', 'item_4']"
132,MPL,8,5,['item_2'],"['item_2', 'item_3', 'item_4', 'item_5', 'item_1']"
133,ADD,4,5,['item_2'],"['item_2', 'item_4', 'item_1', 'item_3', 'item_5']"
133,APP,4,5,"['item_1', 'item_2']","['item_2', 'item_4', 'item_1']"
133,LMS,4,5,"['item_1', 'item_2']","['item_3', 'item_5', 'item_2', 'item_1', 'item_4']"
133,MPL,4,5,['item_2'],"['item_2', 'item_1', 'item_4', 'item_3', 'item_5']"
134,ADD,2,5,['item_2'],"['item_4', 'item_2', 'item_3', 'item_1', 'item_5']"
134,APP,2,5,['item_1'],"['item_1', 'item_2', 'item_3', 'item_4']"
134,LMS,2,5,"['item_1', 'item_2']","['item_4', 'item_5', 'item_2', 'item_1', 'item_3']"
134,MPL,2,5,['item_3'],"['item_3', 'item_4', 'item_1', 'item_2', 'item_5']"
135,ADD,8,5,['item_2'],"['item_3', 'item_4', 'item_2', 'item_1', 'item_5']"
135,APP,8,5,"['item_1', 'item_2', 'item_3', 'item_4']","['item_2', 'item_4', 'item_3', 'item_1', 'item_5']"
135,LMS,8,5,"['item_1', 'item_2', 'item_3', 'item_4', 'item_5']","['item_5', 'item_1', 'item_2', 'item_3', 'item_4']"
135,MPL,8,5,['item_4'],"['item_2', 'item_3', 'item_4', 'item_1', 'item_5']"
136,ADD,4,5,['item_2'],"['item_5', 'item_4', 'item_3', 'item_2', 'item_1']"
136,APP,4,5,"['item_1', 'item_2']","['item_3', 'item_5', 'item_2', 'item_4']"
136,LMS,4,5,"['item_1', 'item_2', 'item_3', 'item_4', 'item_5']","['item_5', 'item_1', 'item_4', 'item_3', 'item_2']"
136,MPL,4,5,['item_2'],"['item_5', 'item_4', 'item_2', 'item_3', 'item_1']"
137,ADD,2,5,"['item_1', 'item_2']","['item_1', 'item_5', 'item_3', 'item_2', 'item_4']"
137,APP,2,5,['item_1'],"['item_1', 'item_2', 'item_3', 'item_4', 'item_5']"
137,LMS,2,5,"['item_1', 'item_2']","['item_1', 'item_3', 'item_5', 'item_2', 'item_4']"
137,MPL,2,5,['item_3'],"['item_1', 'item_5', 'item_4', 'item_2', 'item_3']"
138,ADD,8,5,['item_2'],"['item_1', 'item_5', 'item_4', 'item_2', 'item_3']"
138,APP,8,5,"['item_1', 'item_2']","['item_1', 'item_5', 'item_4', 'item_3', 'item_2']"
138,LMS,8,5,"['item_1', 'item_2']","['item_1', 'item_4', 'item_2', 'item_3', 'item_5']"
138,MPL,8,5,['item_5'],"['item_3', 'item_5', 'item_1', 'item_2', 'item_4']"
139,ADD,4,5,['item_2'],"['item_1', 'item_5', 'item_3', 'item_4', 'item_2']"
139,APP,4,5,"['item_1', 'item_2']","['item_1', 'item_3', 'item_4', 'item_5', 'item_2']"
139,LMS,4,5,"['item_1', 'item_2']","['item_3', 'item_5', 'item_4', 'item_1', 'item_2']"
139,MPL,4,5,['item_2'],"['item_1', 'item_5', 'item_2', 'item_4', 'item_3']"
140,ADD,4,5,['item_2'],"['item_5', 'item_2', 'item_4', 'item_1', 'item_3']"
140,APP,4,5,['item_2'],"['item_1', 'item_2', 'item_4', 'item_5', 'item_3']"
140,LMS,4,5,['item_2'],"['item_5', 'item_4', 'item_1', 'item_3', 'item_2']"
140,MPL,4,5,['item_2'],"['item_5', 'item_3', 'item_2', 'item_1', 'item_4']"
141,ADD,4,5,"['item_2', 'item_3', 'item_4']","['item_4', 'item_2', 'item_1', 'item_5', 'item_3']"
141,APP,4,5,"['item_1', 'item_2']","['item_4', 'item_1', 'item_2', 'item_5']"
141,LMS,4,5,"['item_1', 'item_2']","['item_4', 'item_5', 'item_2', 'item_1', 'item_3']"
141,MPL,4,5,['item_4'],"['item_1', 'item_4', 'item_2', 'item_5', 'item_3']"
142,ADD,2,5,['item_2'],"['item_4', 'item_3', 'item_2', 'item_5', 'item_1']"
142,APP,2,5,['item_1'],"['item_2', 'item_3', 'item_4']"
142,LMS,2,5,['item_2'],"['item_4', 'item_5', 'item_3', 'item_1', 'item_2']"
142,MPL,2,5,['item_2'],"['item_3', 'item_4', 'item_2', 'item_5', 'item_1']"
143,ADD,8,5,"['item_1', 'item_2']","['item_1', 'item_5', 'item_3', 'item_2', 'item_4']"
143,APP,8,5,"['item_1', 'item_2']","['item_1', 'item_2', 'item_3', 'item_5', 'item_4']"
143,LMS,8,5,"['item_1', 'item_2']","['item_1', 'item_5', 'item_2', 'item_3', 'item_4']"
143,MPL,8,5,['item_5'],"['item_2', 'item_5', 'item_3', 'item_1', 'item_4']"
144,ADD,2,5,['item_2'],"['item_2', 'item_5', 'item_3', 'item_4', 'item_1']"
144,APP,2,5,['item_1'],"['item_2', 'item_3', 'item_4', 'item_5']"
144,LMS,2,5,['item_2'],"['item_5', 'item_2', 'item_3', 'item_1', 'item_4']"
144,MPL,2,5,['item_4'],"['item_2', 'item_4', 'item_3', 'item_5', 'item_1']"
145,ADD,4,5,"['item_3', 'item_5']","['item_5', 'item_3', 'item_2', 'item_4', 'item_1']"
145,APP,4,5,['item_3'],"['item_5', 'item_2', 'item_3', 'item_4']"
145,LMS,4,5,['item_3'],"['item_3', 'item_5', 'item_2', 'item_1', 'item_4']"
145,MPL,4,5,['item_3'],"['item_2', 'item_5', 'item_3', 'item_4', 'item_1']"
146,ADD,4,5,"['item_2', 'item_1']","['item_1', 'item_3', 'item_2', 'item_5', 'item_4']"
146,APP,4,5,"['item_1', 'item_2']","['item_1', 'item_2', 'item_3', 'item_4', 'item_5']"
146,LMS,4,5,"['item_1', 'item_2', 'item_3', 'item_4', 'item_5']","['item_1', 'item_5', 'item_2', 'item_3', 'item_4']"
146,MPL,4,5,['item_4'],"['item_2', 'item_4', 'item_3', 'item_1', 'item_5']"
147,ADD,4,5,['item_3'],"['item_4', 'item_3', 'item_2', 'item_5', 'item_1']"
147,APP,4,5,['item_3'],"['item_3', 'item_4', 'item_1', 'item_2', 'item_5']"
147,LMS,4,5,['item_3'],"['item_2', 'item_5', 'item_3', 'item_1', 'item_4']"
147,MPL,4,5,['item_3'],"['item_4', 'item_1', 'item_2', 'item_3', 'item_5']"
148,ADD,8,5,"['item_2', 'item_5']","['item_1', 'item_2', 'item_5', 'item_4', 'item_3']"
148,APP,8,5,"['item_1', 'item_2', 'item_3', 'item_4', 'item_5']","['item_1', 'item_5', 'item_2', 'item_3', 'item_4']"
148,LMS,8,5,"['item_1', 'item_2', 'item_3', 'item_4', 'item_5']","['item_1', 'item_5', 'item_4', 'item_3', 'item_2']"
148,MPL,8,5,['item_5'],"['item_1', 'item_2', 'item_3', 'item_4', 'item_5']"
149,ADD,4,5,['item_3'],"['item_3', 'item_5', 'item_2', 'item_1', 'item_4']"
149,APP,4,5,"['item_1', 'item_3']","['item_3', 'item_5', 'item_2', 'item_4']"
149,LMS,4,5,"['item_1', 'item_2', 'item_3', 'item_5']","['item_3', 'item_2', 'item_1', 'item_4', 'item_5']"
149,MPL,4,5,['item_3'],"['item_3', 'item_5', 'item_4', 'item_2', 'item_1']"
150,ADD,2,5,['item_2'],"['item_4', 'item_2', 'item_1', 'item_3', 'item_5']"
150,APP,2,5,"['item_1', 'item_2']","['item_2', 'item_4', 'item_1', 'item_3', 'item_5']"
150,LMS,2,5,"['item_1', 'item_2']","['item_4', 'item_2', 'item_3', 'item_5', 'item_1']"
150,MPL,2,5,['item_4'],"['item_4', 'item_1', 'item_2', 'item_3', 'item_5']"
151,ADD,4,5,['item_2'],"['item_5', 'item_2', 'item_3', 'item_1', 'item_4']"
151,APP,4,5,"['item_1', 'item_2']","['item_5', 'item_2', 'item_3', 'item_4']"
151,LMS,4,5,"['item_1', 'item_2', 'item_3', 'item_4', 'item_5']","['item_5', 'item_3', 'item_2', 'item_1', 'item_4']"
151,MPL,4,5,['item_2'],"['item_3', 'item_5', 'item_2', 'item_4', 'item_1']"
152,ADD,2,5,['item_2'],"['item_2', 'item_4', 'item_5', 'item_1', 'item_3']"
152,APP,2,5,['item_1'],"['item_2', 'item_4', 'item_5']"
152,LMS,2,5,['item_2'],"['item_4', 'item_2', 'item_1', 'item_3', 'item_5']"
152,MPL,2,5,['item_4'],"['item_2', 'item_5', 'item_4', 'item_1', 'item_3']"
153,ADD,8,5,"['item_1', 'item_2', 'item_3', 'item_4', 'item_5']","['item_1', 'item_5', 'item_3', 'item_2', 'item_4']"
153,APP,8,5,"['item_1', 'item_2']","['item_5', 'item_1', 'item_2', 'item_3']"
153,LMS,8,5,"['item_1', 'item_2', 'item_3', 'item_4', 'item_5']","['item_1', 'item_2', 'item_3', 'item_4', 'item_5']"
153,MPL,8,5,['item_2'],"['item_2', 'item_5', 'item_1', 'item_3', 'item_4']"
154,ADD,2,5,['item_2'],"['item_5', 'item_1', 'item_4', 'item_2', 'item_3']"
154,APP,2,5,['item_1'],"['item_1', 'item_4', 'item_5']"
154,LMS,2,5,['item_2'],"['item_2', 'item_5', 'item_1', 'item_3', 'item_4']"
154,MPL,2,5,['item_5'],"['item_1', 'item_4', 'item_5', 'item_3', 'item_2']"
155,ADD,2,5,"['item_4', 'item_5']","['item_5', 'item_4', 'item_1', 'item_2', 'item_3']"
155,APP,2,5,"['item_1', 'item_4']","['item_5', 'item_4', 'item_2', 'item_1']"
155,LMS,2,5,"['item_1', 'item_2']","['item_5', 'item_4', 'item_3', 'item_1', 'item_2']"
155,MPL,2,5,['item_4'],"['item_5', 'item_4', 'item_1', 'item_2', 'item_3']"
156,ADD,8,5,"['item_1', 'item_2', 'item_3', 'item_4', 'item_5']","['item_2', 'item_3', 'item_1', 'item_4', 'item_5']"
156,APP,8,5,"['item_1', 'item_2']","['item_2', 'item_1', 'item_3', 'item_5', 'item_4']"
156,LMS,8,5,"['item_1', 'item_2', 'item_3', 'item_4', 'item_5']","['item_3', 'item_4', 'item_5', 'item_1', 'item_2']"
156,MPL,8,5,['item_2'],"['item_1', 'item_2', 'item_5', 'item_3', 'item_4']"
157,ADD,4,5,"['item_3', 'item_4']","['item_1', 'item_5', 'item_2', 'item_4', 'item_3']"
157,APP,4,5,"['item_1', 'item_3']","['item_1', 'item_2', 'item_3', 'item_4', 'item_5']"
157,LMS,4,5,"['item_1', 'item_2', 'item_3', 'item_4', 'item_5']","['item_1', 'item_2', 'item_3', 'item_4', 'item_5']"
157,MPL,4,5,['item_3'],"['item_2', 'item_1', 'item_4', 'item_5', 'item_3']"
158,ADD,4,5,['item_2'],"['item_2', 'item_3', 'item_1', 'item_4', 'item_5']"
158,APP,4,5,"['item_1', 'item_2']","['item_2', 'item_1', 'item_3', 'item_4', 'item_5']"
158,LMS,4,5,"['item_1', 'item_2', 'item_3', 'item_4', 'item_5']","['item_2', 'item_1', 'item_5', 'item_3', 'item_4']"
158,MPL,4,5,['item_2'],"['item_2', 'item_4', 'item_3', 'item_1', 'item_5']"
159,ADD,2,5,['item_2'],"['item_1', 'item_5', 'item_2', 'item_3', 'item_4']"
159,APP,2,5,['item_1'],"['item_1', 'item_2', 'item_5']"
159,LMS,2,5,"['item_1', 'item_2']","['item_1', 'item_5', 'item_3', 'item_2', 'item_4']"
159,MPL,2,5,['item_2'],"['item_1', 'item_2', 'item_5', 'item_3', 'item_4']"
160,ADD,8,5,['item_2'],"['item_2', 'item_5', 'item_1', 'item_3', 'item_4']"
160,APP,8,5,['item_2'],"['item_1', 'item_2', 'item_5', 'item_3', 'item_4']"
160,LMS,8,5,"['item_2', 'item_3', 'item_4', 'item_5']","['item_2', 'item_5', 'item_1', 'item_3', 'item_4']"
160,MPL,8,5,['item_2'],"['item_2', 'item_5', 'item_3', 'item_1', 'item_4']"
161,ADD,2,5,"['item_4', 'item_5']","['item_3', 'item_4', 'item_5', 'item_1', 'item_2']"
161,APP,2,5,"['item_1', 'item_2']","['item_3', 'item_4', 'item_5']"
161,LMS,2,5,"['item_1', 'item_2']","['item_3', 'item_5', 'item_1', 'item_4', 'item_2']"
161,MPL,2,5,['item_2'],"['item_3', 'item_4', 'item_5', 'item_1', 'item_2']"
162,ADD,2,5,['item_2'],"['item_5', 'item_3', 'item_2', 'item_4', 'item_1']"
162,APP,2,5,"['item_1', 'item_2']",['item_5']
162,LMS,2,5,"['item_1', 'item_2']","['item_5', 'item_3', 'item_2', 'item_4', 'item_1']"
162,MPL,2,5,['item_5'],"['item_5', 'item_4', 'item_2', 'item_3', 'item_1']"
163,ADD,4,5,['item_5'],"['item_1', 'item_5', 'item_4', 'item_3', 'item_2']"
163,APP,4,5,"['item_1', 'item_3']","['item_1', 'item_5', 'item_2', 'item_3', 'item_4']"
163,LMS,4,5,"['item_1', 'item_2', 'item_3', 'item_4', 'item_5']","['item_5', 'item_4', 'item_1', 'item_3', 'item_2']"
163,MPL,4,5,['item_5'],"['item_1', 'item_2', 'item_5', 'item_4', 'item_3']"
164,ADD,4,5,"['item_2', 'item_1']","['item_1', 'item_2', 'item_5', 'item_3', 'item_4']"
164,APP,4,5,"['item_1', 'item_2']","['item_1', 'item_2', 'item_3', 'item_4', 'item_5']"
164,LMS,4,5,"['item_1', 'item_2']","['item_1', 'item_2', 'item_3', 'item_4', 'item_5']"
164,MPL,4,5,['item_5'],"['item_2', 'item_5', 'item_3', 'item_4', 'item_1']"
165,ADD,4,5,['item_2'],"['item_4', 'item_2', 'item_3', 'item_5', 'item_1']"
165,APP,4,5,"['item_1', 'item_2']","['item_4', 'item_1', 'item_2', 'item_3', 'item_5']"
165,LMS,4,5,"['item_1', 'item_2']","['item_4', 'item_5', 'item_3', 'item_1', 'item_2']"
165,MPL,4,5,['item_2'],"['item_2', 'item_5', 'item_1', 'item_3', 'item_4']"
166,ADD,2,5,['item_2'],"['item_3', 'item_2', 'item_5', 'item_1', 'item_4']"
166,APP,2,5,"['item_1', 'item_2']","['item_2', 'item_3', 'item_1', 'item_5']"
166,LMS,2,5,"['item_1', 'item_2']","['item_3', 'item_2', 'item_5', 'item_4', 'item_1']"
166,MPL,2,5,['item_2'],"['item_3', 'item_1', 'item_2', 'item_5', 'item_4']"
167,ADD,2,5,['item_4'],"['item_4', 'item_3', 'item_1', 'item_2', 'item_5']"
167,APP,2,5,"['item_1', 'item_2']","['item_4', 'item_3']"
167,LMS,2,5,"['item_1', 'item_2']","['item_4', 'item_3', 'item_2', 'item_1', 'item_5']"
167,MPL,2,5,['item_3'],"['item_3', 'item_4', 'item_1', 'item_2', 'item_5']"
168,ADD,2,5,['item_2'],"['item_5', 'item_4', 'item_2', 'item_1', 'item_3']"
168,APP,2,5,['item_1'],"['item_1', 'item_2', 'item_4', 'item_5']"
168,LMS,2,5,"['item_1', 'item_2']","['item_5', 'item_4', 'item_1', 'item_3', 'item_2']"
168,MPL,2,5,['item_2'],"['item_2', 'item_1', 'item_4', 'item_5', 'item_3']"
169,ADD,8,5,"['item_2', 'item_3']","['item_3', 'item_2', 'item_1', 'item_5', 'item_4']"
169,APP,8,5,"['item_1', 'item_2', 'item_3', 'item_5']","['item_3', 'item_2', 'item_5', 'item_1', 'item_4']"
169,LMS,8,5,"['item_1', 'item_2', 'item_3', 'item_4', 'item_5']","['item_1', 'item_3', 'item_2', 'item_4', 'item_5']"
169,MPL,8,5,['item_2'],"['item_2', 'item_3', 'item_4', 'item_1', 'item_5']"
170,ADD,2,5,['item_2'],"['item_3', 'item_2', 'item_5', 'item_1', 'item_4']"
170,APP,2,5,['item_1'],"['item_2', 'item_3']"
170,LMS,2,5,"['item_1', 'item_2']","['item_3', 'item_2', 'item_4', 'item_1', 'item_5']"
170,MPL,2,5,['item_2'],"['item_2', 'item_3', 'item_5', 'item_1', 'item_4']"
171,ADD,4,5,['item_4'],"['item_5', 'item_4', 'item_3', 'item_2', 'item_1']"
171,APP,4,5,"['item_1', 'item_2']","['item_5', 'item_4', 'item_1', 'item_3']"
171,LMS,4,5,"['item_1', 'item_2', 'item_3', 'item_4', 'item_5']","['item_2', 'item_5', 'item_1', 'item_3', 'item_4']"
171,MPL,4,5,['item_3'],"['item_3', 'item_5', 'item_4', 'item_1', 'item_2']"
172,ADD,8,5,"['item_4', 'item_5']","['item_4', 'item_5', 'item_1', 'item_3', 'item_2']"
172,APP,8,5,"['item_1', 'item_2', 'item_3', 'item_4', 'item_5']","['item_4', 'item_1', 'item_5', 'item_3', 'item_2']"
172,LMS,8,5,"['item_1', 'item_2', 'item_3', 'item_4', 'item_5']","['item_3', 'item_5', 'item_4', 'item_1', 'item_2']"
172,MPL,8,5,['item_4'],"['item_3', 'item_4', 'item_1', 'item_5', 'item_2']"
173,ADD,2,5,['item_2'],"['item_1', 'item_4', 'item_3', 'item_5', 'item_2']"
173,APP,2,5,['item_1'],"['item_1', 'item_3']"
173,LMS,2,5,"['item_1', 'item_2']","['item_4', 'item_1', 'item_3', 'item_5', 'item_2']"
173,MPL,2,5,['item_2'],"['item_1', 'item_3', 'item_4', 'item_5', 'item_2']"
174,ADD,2,5,['item_2'],"['item_5', 'item_3', 'item_4', 'item_2', 'item_1']"
174,APP,2,5,"['item_1', 'item_2']","['item_5', 'item_4', 'item_3', 'item_2']"
174,LMS,2,5,"['item_1', 'item_2']","['item_5', 'item_4', 'item_3', 'item_2', 'item_1']"
174,MPL,2,5,['item_2'],"['item_3', 'item_5', 'item_2', 'item_4', 'item_1']"
175,ADD,2,5,['item_2'],"['item_3', 'item_5', 'item_1', 'item_2', 'item_4']"
175,APP,2,5,['item_1'],"['item_3', 'item_1', 'item_2', 'item_5']"
175,LMS,2,5,"['item_1', 'item_2']","['item_3', 'item_1', 'item_5', 'item_2', 'item_4']"
175,MPL,2,5,['item_2'],"['item_5', 'item_3', 'item_2', 'item_1', 'item_4']"
176,ADD,8,5,"['item_2', 'item_4']","['item_4', 'item_2', 'item_1', 'item_3', 'item_5']"
176,APP,8,5,"['item_1', 'item_2', 'item_3', 'item_4', 'item_5']","['item_4', 'item_1', 'item_2', 'item_3', 'item_5']"
176,LMS,8,5,"['item_1', 'item_2', 'item_3', 'item_4', 'item_5']","['item_1', 'item_2', 'item_3', 'item_4', 'item_5']"
176,MPL,8,5,['item_2'],"['item_1', 'item_2', 'item_3', 'item_4', 'item_5']"
177,ADD,8,5,['item_2'],"['item_5', 'item_2', 'item_3', 'item_4', 'item_1']"
177,APP,8,5,"['item_2', 'item_4']","['item_2', 'item_5', 'item_4', 'item_3', 'item_1']"
177,LMS,8,5,"['item_2', 'item_4']","['item_2', 'item_1', 'item_3', 'item_4', 'item_5']"
177,MPL,8,5,['item_4'],"['item_3', 'item_1', 'item_4', 'item_5', 'item_2']"
178,ADD,4,5,"['item_4', 'item_5']","['item_5', 'item_1', 'item_4', 'item_2', 'item_3']"
178,APP,4,5,"['item_1', 'item_4']","['item_1', 'item_5', 'item_4', 'item_2']"
178,LMS,4,5,"['item_1', 'item_2', 'item_3', 'item_4', 'item_5']","['item_1', 'item_4', 'item_3', 'item_5', 'item_2']"
178,MPL,4,5,"['item_4', 'item_5']","['item_2', 'item_5', 'item_1', 'item_4', 'item_3']"
179,ADD,8,5,"['item_2', 'item_4']","['item_4', 'item_2', 'item_5', 'item_1', 'item_3']"
179,APP,8,5,"['item_3', 'item_4']","['item_4', 'item_2', 'item_5', 'item_3']"
179,LMS,8,5,"['item_3', 'item_4']","['item_2', 'item_5', 'item_4', 'item_1', 'item_3']"
179,MPL,8,5,['item_4'],"['item_2', 'item_4', 'item_3', 'item_5', 'item_1']"
180,ADD,4,5,['item_2'],"['item_2', 'item_4', 'item_3', 'item_5', 'item_1']"
180,APP,4,5,['item_2'],"['item_3', 'item_2', 'item_1', 'item_4', 'item_5']"
180,LMS,4,5,['item_4'],"['item_4', 'item_2', 'item_1', 'item_3', 'item_5']"
180,MPL,4,5,['item_4'],"['item_2', 'item_4', 'item_1', 'item_3', 'item_5']"
181,ADD,4,5,['item_2'],"['item_3', 'item_1', 'item_2', 'item_4', 'item_5']"
181,APP,4,5,"['item_1', 'item_3']","['item_3', 'item_1', 'item_2']"
181,LMS,4,5,"['item_1', 'item_3']","['item_3', 'item_1', 'item_2', 'item_4', 'item_5']"
181,MPL,4,5,['item_3'],"['item_3', 'item_1', 'item_2', 'item_5', 'item_4']"
182,ADD,8,5,"['item_2', 'item_1']","['item_1', 'item_2', 'item_5', 'item_4', 'item_3']"
182,APP,8,5,"['item_1', 'item_2']","['item_1', 'item_2', 'item_5', 'item_3', 'item_4']"
182,LMS,8,5,"['item_1', 'item_2', 'item_3', 'item_4', 'item_5']","['item_1', 'item_4', 'item_3', 'item_2', 'item_5']"
182,MPL,8,5,"['item_3', 'item_4', 'item_5']","['item_1', 'item_2', 'item_5', 'item_3', 'item_4']"
183,ADD,8,5,"['item_4', 'item_5']","['item_5', 'item_3', 'item_2', 'item_4', 'item_1']"
183,APP,8,5,"['item_2', 'item_4']","['item_5', 'item_3', 'item_2', 'item_4', 'item_1']"
183,LMS,8,5,"['item_4', 'item_5']","['item_3', 'item_5', 'item_1', 'item_2', 'item_4']"
183,MPL,8,5,['item_4'],"['item_2', 'item_4', 'item_3', 'item_5', 'item_1']"
184,ADD,2,5,['item_5'],"['item_5', 'item_4', 'item_3', 'item_1', 'item_2']"
184,APP,2,5,"['item_1', 'item_2']","['item_3', 'item_4', 'item_5']"
184,LMS,2,5,"['item_1', 'item_2']","['item_5', 'item_4', 'item_1', 'item_2', 'item_3']"
184,MPL,2,5,['item_5'],"['item_5', 'item_4', 'item_3', 'item_1', 'item_2']"
185,ADD,4,5,['item_5'],"['item_1', 'item_2', 'item_4', 'item_5', 'item_3']"
185,APP,4,5,"['item_1', 'item_2']","['item_2', 'item_1', 'item_4', 'item_5']"
185,LMS,4,5,"['item_1', 'item_2']","['item_1', 'item_2', 'item_4', 'item_3', 'item_5']"
185,MPL,4,5,['item_3'],"['item_1', 'item_5', 'item_4', 'item_2', 'item_3']"
186,ADD,4,5,['item_5'],"['item_5', 'item_3', 'item_1', 'item_2', 'item_4']"
186,APP,4,5,['item_5'],"['item_5', 'item_3', 'item_1', 'item_2', 'item_4']"
186,LMS,4,5,"['item_1', 'item_2', 'item_4', 'item_5']","['item_5', 'item_2', 'item_1', 'item_3', 'item_4']"
186,MPL,4,5,['item_5'],"['item_3', 'item_5', 'item_1', 'item_2', 'item_4']"
187,ADD,4,5,"['item_4', 'item_5']","['item_5', 'item_1', 'item_2', 'item_4', 'item_3']"
187,APP,4,5,"['item_1', 'item_2']","['item_1', 'item_5', 'item_2', 'item_4']"
187,LMS,4,5,"['item_1', 'item_2', 'item_3', 'item_4', 'item_5']","['item_5', 'item_4', 'item_2', 'item_1', 'item_3']"
187,MPL,4,5,['item_5'],"['item_1', 'item_2', 'item_5', 'item_4', 'item_3']"
188,ADD,4,5,['item_2'],"['item_3', 'item_5', 'item_2', 'item_1', 'item_4']"
188,APP,4,5,['item_3'],"['item_3', 'item_2', 'item_4', 'item_5']"
188,LMS,4,5,"['item_1', 'item_2', 'item_3', 'item_4', 'item_5']","['item_3', 'item_5', 'item_1', 'item_2', 'item_4']"
188,MPL,4,5,['item_3'],"['item_3', 'item_5', 'item_2', 'item_4', 'item_1']"
189,ADD,2,5,"['item_3', 'item_4']","['item_4', 'item_3', 'item_5', 'item_2', 'item_1']"
189,APP,2,5,"['item_1', 'item_2']","['item_3', 'item_4']"
189,LMS,2,5,"['item_1', 'item_2']","['item_3', 'item_4', 'item_5', 'item_2', 'item_1']"
189,MPL,2,5,['item_4'],"['item_4', 'item_3', 'item_1', 'item_2', 'item_5']"
190,ADD,8,5,"['item_2', 'item_3', 'item_4', 'item_5']","['item_2', 'item_3', 'item_4', 'item_5', 'item_1']"
190,APP,8,5,"['item_3', 'item_4']","['item_2', 'item_4', 'item_3', 'item_5', 'item_1']"
190,LMS,8,5,"['item_3', 'item_4', 'item_5']","['item_3', 'item_2', 'item_1', 'item_4', 'item_5']"
190,MPL,8,5,['item_2'],"['item_1', 'item_2', 'item_3', 'item_4', 'item_5']"
191,ADD,4,5,"['item_1', 'item_2']","['item_1', 'item_5', 'item_4', 'item_2', 'item_3']"
191,APP,4,5,"['item_1', 'item_4']","['item_1', 'item_5', 'item_2', 'item_4']"
191,LMS,4,5,"['item_1', 'item_3', 'item_4', 'item_5']","['item_1', 'item_4', 'item_3', 'item_5', 'item_2']"
191,MPL,4,5,['item_5'],"['item_5', 'item_4', 'item_2', 'item_1', 'item_3']"
192,ADD,2,5,['item_5'],"['item_5', 'item_3', 'item_4', 'item_1', 'item_2']"
192,APP,2,5,['item_1'],"['item_4', 'item_5']"
192,LMS,2,5,"['item_1', 'item_2']","['item_3', 'item_5', 'item_1', 'item_4', 'item_2']"
192,MPL,2,5,['item_5'],"['item_5', 'item_4', 'item_3', 'item_1', 'item_2']"
193,ADD,4,5,"['item_3', 'item_4']","['item_1', 'item_4', 'item_3', 'item_5', 'item_2']"
193,APP,4,5,"['item_1', 'item_3']","['item_1', 'item_3', 'item_4', 'item_2', 'item_5']"
193,LMS,4,5,"['item_1', 'item_2', 'item_3', 'item_4', 'item_5']","['item_1', 'item_5', 'item_4', 'item_3', 'item_2']"
193,MPL,4,5,['item_3'],"['item_1', 'item_3', 'item_4', 'item_2', 'item_5']"
194,ADD,2,5,['item_2'],"['item_5', 'item_3', 'item_2', 'item_4', 'item_1']"
194,APP,2,5,['item_1'],"['item_3', 'item_5']"
194,LMS,2,5,['item_2'],"['item_5', 'item_3', 'item_2', 'item_1', 'item_4']"
194,MPL,2,5,['item_2'],"['item_5', 'item_3', 'item_2', 'item_4', 'item_1']"
195,ADD,8,5,"['item_1', 'item_2', 'item_3', 'item_4', 'item_5']","['item_1', 'item_5', 'item_2', 'item_4', 'item_3']"
195,APP,8,5,"['item_1', 'item_2', 'item_3', 'item_4', 'item_5']","['item_1', 'item_5', 'item_2', 'item_4', 'item_3']"
195,LMS,8,5,"['item_1', 'item_2', 'item_3', 'item_4', 'item_5']","['item_1', 'item_2', 'item_3', 'item_4', 'item_5']"
195,MPL,8,5,['item_5'],"['item_1', 'item_2', 'item_5', 'item_3', 'item_4']"
196,ADD,8,5,"['item_4', 'item_5']","['item_1', 'item_5', 'item_2', 'item_4', 'item_3']"
196,APP,8,5,"['item_1', 'item_2', 'item_3', 'item_4', 'item_5']","['item_1', 'item_5', 'item_4', 'item_3', 'item_2']"
196,LMS,8,5,"['item_1', 'item_2', 'item_3', 'item_4', 'item_5']","['item_1', 'item_2', 'item_3', 'item_4', 'item_5']"
196,MPL,8,5,['item_5'],"['item_5', 'item_4', 'item_1', 'item_3', 'item_2']"
197,ADD,2,5,['item_5'],"['item_5', 'item_1', 'item_2', 'item_3', 'item_4']"
197,APP,2,5,"['item_1', 'item_2']","['item_1', 'item_5', 'item_2', 'item_3']"
197,LMS,2,5,['item_5'],"['item_5', 'item_1', 'item_2', 'item_3', 'item_4']"
197,MPL,2,5,['item_5'],"['item_1', 'item_5', 'item_2', 'item_3', 'item_4']"
198,ADD,2,5,['item_2'],"['item_4', 'item_2', 'item_5', 'item_1', 'item_3']"
198,APP,2,5,['item_1'],['item_4']
198,LMS,2,5,['item_2'],"['item_4', 'item_5', 'item_2', 'item_1', 'item_3']"
198,MPL,2,5,['item_4'],"['item_4', 'item_2', 'item_5', 'item_1', 'item_3']"
199,ADD,4,5,"['item_2', 'item_3']","['item_3', 'item_5', 'item_1', 'item_4', 'item_2']"
199,APP,4,5,"['item_1', 'item_3']","['item_5', 'item_1', 'item_3', 'item_2', 'item_4']"
199,LMS,4,5,"['item_1', 'item_2', 'item_3', 'item_4', 'item_5']","['item_5', 'item_1', 'item_3', 'item_4', 'item_2']"
199,MPL,4,5,['item_4'],"['item_1', 'item_2', 'item_3', 'item_4', 'item_5']"
200,ADD,8,5,"['item_2', 'item_3', 'item_4', 'item_5']","['item_3', 'item_5', 'item_2', 'item_1', 'item_4']"
200,APP,8,5,"['item_1', 'item_2', 'item_3', 'item_4', 'item_5']","['item_5', 'item_1', 'item_2', 'item_3', 'item_4']"
200,LMS,8,5,"['item_1', 'item_2', 'item_3', 'item_4', 'item_5']","['item_2', 'item_3', 'item_1', 'item_4', 'item_5']"
200,MPL,8,5,"['item_3', 'item_4', 'item_5']","['item_3', 'item_5', 'item_1', 'item_2', 'item_4']"
201,ADD,8,5,"['item_2', 'item_4', 'item_5']","['item_5', 'item_2', 'item_4', 'item_1', 'item_3']"
201,APP,8,5,"['item_2', 'item_4']","['item_5', 'item_2', 'item_4', 'item_1', 'item_3']"
201,LMS,8,5,['item_5'],"['item_1', 'item_2', 'item_3', 'item_4', 'item_5']"
201,MPL,8,5,['item_2'],"['item_2', 'item_5', 'item_4', 'item_1', 'item_3']"
202,ADD,8,5,['item_2'],"['item_2', 'item_5', 'item_1', 'item_3', 'item_4']"
202,APP,8,5,['item_2'],"['item_2', 'item_1', 'item_5', 'item_3', 'item_4']"
202,LMS,8,5,"['item_1', 'item_2', 'item_3', 'item_4', 'item_5']","['item_1', 'item_2', 'item_5', 'item_3', 'item_4']"
202,MPL,8,5,['item_2'],"['item_1', 'item_2', 'item_3', 'item_5', 'item_4']"
203,ADD,2,5,['item_2'],"['item_3', 'item_2', 'item_5', 'item_1', 'item_4']"
203,APP,2,5,"['item_1', 'item_2']","['item_3', 'item_2', 'item_5']"
203,LMS,2,5,['item_2'],"['item_3', 'item_5', 'item_2', 'item_1', 'item_4']"
203,MPL,2,5,['item_2'],"['item_2', 'item_3', 'item_5', 'item_1', 'item_4']"
204,ADD,2,5,['item_2'],"['item_5', 'item_3', 'item_1', 'item_2', 'item_4']"
204,APP,2,5,['item_1'],"['item_1', 'item_2', 'item_3', 'item_4', 'item_5']"
204,LMS,2,5,"['item_1', 'item_2']","['item_3', 'item_5', 'item_1', 'item_2', 'item_4']"
204,MPL,2,5,['item_5'],"['item_5', 'item_4', 'item_1', 'item_3', 'item_2']"
205,ADD,2,5,['item_4'],"['item_4', 'item_5', 'item_1', 'item_3', 'item_2']"
205,APP,2,5,['item_1'],"['item_1', 'item_4', 'item_5']"
205,LMS,2,5,"['item_1', 'item_2']","['item_5', 'item_4', 'item_3', 'item_1', 'item_2']"
205,MPL,2,5,['item_4'],"['item_1', 'item_4', 'item_5', 'item_2', 'item_3']"
206,ADD,2,5,['item_2'],"['item_3', 'item_5', 'item_2', 'item_1', 'item_4']"
206,APP,2,5,"['item_1', 'item_2']","['item_3', 'item_5', 'item_1', 'item_2', 'item_4']"
206,LMS,2,5,"['item_1', 'item_2']","['item_3', 'item_5', 'item_2', 'item_1', 'item_4']"
206,MPL,2,5,['item_2'],"['item_2', 'item_5', 'item_3', 'item_1', 'item_4']"
207,ADD,2,5,['item_2'],"['item_1', 'item_4', 'item_2', 'item_5', 'item_3']"
207,APP,2,5,['item_1'],"['item_1', 'item_2', 'item_4']"
207,LMS,2,5,"['item_1', 'item_2']","['item_1', 'item_4', 'item_5', 'item_3', 'item_2']"
207,MPL,2,5,['item_5'],"['item_1', 'item_2', 'item_4', 'item_3', 'item_5']"
208,ADD,8,5,"['item_2', 'item_3', 'item_4']","['item_1', 'item_5', 'item_4', 'item_2', 'item_3']"
208,APP,8,5,"['item_1', 'item_2']","['item_1', 'item_2', 'item_4', 'item_5', 'item_3']"
208,LMS,8,5,"['item_1', 'item_2', 'item_3', 'item_4', 'item_5']","['item_1', 'item_5', 'item_2', 'item_3', 'item_4']"
208,MPL,8,5,['item_3'],"['item_2', 'item_4', 'item_3', 'item_5', 'item_1']"
209,ADD,4,5,"['item_2', 'item_4']","['item_1', 'item_2', 'item_3', 'item_4', 'item_5']"
209,APP,4,5,"['item_1', 'item_2']","['item_1', 'item_2', 'item_3', 'item_4', 'item_5']"
209,LMS,4,5,"['item_1', 'item_2']","['item_2', 'item_5', 'item_3', 'item_1', 'item_4']"
209,MPL,4,5,"['item_4', 'item_5']","['item_1', 'item_3', 'item_4', 'item_5', 'item_2']"
210,ADD,8,5,['item_2'],"['item_2', 'item_4', 'item_1', 'item_3', 'item_5']"
210,APP,8,5,"['item_1', 'item_2']","['item_2', 'item_4', 'item_1', 'item_3', 'item_5']"
210,LMS,8,5,"['item_1', 'item_2', 'item_3', 'item_4', 'item_5']","['item_1', 'item_5', 'item_2', 'item_3', 'item_4']"
210,MPL,8,5,['item_2'],"['item_1', 'item_2', 'item_4', 'item_5', 'item_3']"
211,ADD,4,5,['item_5'],"['item_5', 'item_1', 'item_2', 'item_4', 'item_3']"
211,APP,4,5,"['item_1', 'item_2']","['item_5', 'item_1', 'item_3']"
211,LMS,4,5,"['item_1', 'item_2', 'item_3', 'item_4', 'item_5']","['item_5', 'item_2', 'item_4', 'item_1', 'item_3']"
211,MPL,4,5,['item_5'],"['item_1', 'item_5', 'item_3', 'item_4', 'item_2']"
212,ADD,2,5,['item_2'],"['item_2', 'item_3', 'item_1', 'item_4', 'item_5']"
212,APP,2,5,"['item_1', 'item_2']","['item_1', 'item_3']"
212,LMS,2,5,['item_2'],"['item_2', 'item_4', 'item_1', 'item_3', 'item_5']"
212,MPL,2,5,['item_2'],"['item_3', 'item_1', 'item_2', 'item_4', 'item_5']"
213,ADD,4,5,"['item_2', 'item_4']","['item_3', 'item_5', 'item_4', 'item_2', 'item_1']"
213,APP,4,5,"['item_3', 'item_4']","['item_3', 'item_5', 'item_4', 'item_2']"
213,LMS,4,5,"['item_3', 'item_4', 'item_5']","['item_3', 'item_4', 'item_1', 'item_5', 'item_2']"
213,MPL,4,5,['item_3'],"['item_2', 'item_5', 'item_3', 'item_4', 'item_1']"
214,ADD,2,5,['item_2'],"['item_1', 'item_2', 'item_3', 'item_4', 'item_5']"
214,APP,2,5,['item_1'],"['item_2', 'item_1']"
214,LMS,2,5,"['item_1', 'item_2']","['item_2', 'item_1', 'item_3', 'item_4', 'item_5']"
214,MPL,2,5,['item_2'],"['item_1', 'item_2', 'item_3', 'item_4', 'item_5']"
215,ADD,8,5,"['item_4', 'item_5']","['item_4', 'item_2', 'item_1', 'item_3', 'item_5']"
215,APP,8,5,"['item_1', 'item_2', 'item_3', 'item_4', 'item_5']","['item_4', 'item_3', 'item_2', 'item_5', 'item_1']"
215,LMS,8,5,"['item_4', 'item_5']","['item_4', 'item_1', 'item_2', 'item_3', 'item_5']"
215,MPL,8,5,['item_4'],"['item_2', 'item_4', 'item_3', 'item_1', 'item_5']"
216,ADD,4,5,['item_2'],"['item_1', 'item_3', 'item_4', 'item_5', 'item_2']"
216,APP,4,5,['item_1'],"['item_1', 'item_2', 'item_4', 'item_5', 'item_3']"
216,LMS,4,5,"['item_1', 'item_2']","['item_1', 'item_3', 'item_5', 'item_4', 'item_2']"
216,MPL,4,5,['item_2'],"['item_1', 'item_2', 'item_3', 'item_4', 'item_5']"
217,ADD,8,5,"['item_1', 'item_2']","['item_2', 'item_1', 'item_3', 'item_4', 'item_5']"
217,APP,8,5,"['item_1', 'item_2']","['item_2', 'item_1', 'item_4', 'item_3', 'item_5']"
217,LMS,8,5,"['item_1', 'item_2', 'item_3', 'item_4', 'item_5']","['item_3', 'item_4', 'item_2', 'item_1', 'item_5']"
217,MPL,8,5,['item_4'],"['item_1', 'item_2', 'item_4', 'item_3', 'item_5']"
218,ADD,8,5,"['item_3', 'item_4']","['item_1', 'item_4', 'item_3', 'item_2', 'item_5']"
218,APP,8,5,"['item_1', 'item_2']","['item_1', 'item_2', 'item_3', 'item_4']"
218,LMS,8,5,"['item_1', 'item_2', 'item_3', 'item_4', 'item_5']","['item_4', 'item_1', 'item_2', 'item_3', 'item_5']"
218,MPL,8,5,['item_3'],"['item_1', 'item_2', 'item_3', 'item_4', 'item_5']"
219,ADD,8,5,"['item_2', 'item_4']","['item_1', 'item_4', 'item_2', 'item_5', 'item_3']"
219,APP,8,5,"['item_1', 'item_2', 'item_3', 'item_4', 'item_5']","['item_1', 'item_4', 'item_3', 'item_2', 'item_5']"
219,LMS,8,5,"['item_1', 'item_2', 'item_3', 'item_4', 'item_5']","['item_5', 'item_2', 'item_1', 'item_3', 'item_4']"
219,MPL,8,5,['item_2'],"['item_1', 'item_2', 'item_3', 'item_4', 'item_5']"
220,ADD,4,5,"['item_2', 'item_3']","['item_3', 'item_5', 'item_1', 'item_4', 'item_2']"
220,APP,4,5,"['item_1', 'item_2']","['item_3', 'item_4', 'item_5']"
220,LMS,4,5,"['item_1', 'item_2', 'item_3', 'item_4', 'item_5']","['item_1', 'item_3', 'item_5', 'item_2', 'item_4']"
220,MPL,4,5,['item_5'],"['item_5', 'item_3', 'item_4', 'item_1', 'item_2']"
221,ADD,4,5,['item_4'],"['item_1', 'item_4', 'item_5', 'item_3', 'item_2']"
221,APP,4,5,"['item_1', 'item_3']","['item_1', 'item_2', 'item_3', 'item_4', 'item_5']"
221,LMS,4,5,"['item_1', 'item_2', 'item_3', 'item_4', 'item_5']","['item_4', 'item_5', 'item_1', 'item_3', 'item_2']"
221,MPL,4,5,['item_3'],"['item_1', 'item_5', 'item_4', 'item_3', 'item_2']"
222,ADD,4,5,['item_2'],"['item_4', 'item_1', 'item_2', 'item_5', 'item_3']"
222,APP,4,5,['item_1'],"['item_4', 'item_1', 'item_2', 'item_5']"
222,LMS,4,5,"['item_1', 'item_2', 'item_3', 'item_4', 'item_5']","['item_1', 'item_4', 'item_5', 'item_3', 'item_2']"
222,MPL,4,5,['item_2'],"['item_2', 'item_1', 'item_4', 'item_5', 'item_3']"
223,ADD,2,5,['item_2'],"['item_5', 'item_3', 'item_1', 'item_2', 'item_4']"
223,APP,2,5,"['item_1', 'item_2']","['item_5', 'item_1', 'item_2', 'item_3']"
223,LMS,2,5,['item_2'],"['item_5', 'item_3', 'item_1', 'item_2', 'item_4']"
223,MPL,2,5,['item_5'],"['item_1', 'item_3', 'item_2', 'item_5', 'item_4']"
224,ADD,4,5,['item_2'],"['item_1', 'item_5', 'item_2', 'item_4', 'item_3']"
224,APP,4,5,"['item_1', 'item_2']","['item_1', 'item_4', 'item_2', 'item_5']"
224,LMS,4,5,"['item_1', 'item_2']","['item_5', 'item_1', 'item_2', 'item_3', 'item_4']"
224,MPL,4,5,['item_5'],"['item_5', 'item_1', 'item_4', 'item_2', 'item_3']"
225,ADD,4,5,"['item_2', 'item_3', 'item_5']","['item_2', 'item_5', 'item_1', 'item_3', 'item_4']"
225,APP,4,5,"['item_1', 'item_2']","['item_5', 'item_1', 'item_2', 'item_3', 'item_4']"
225,LMS,4,5,"['item_1', 'item_2', 'item_3', 'item_4', 'item_5']","['item_2', 'item_1', 'item_3', 'item_4', 'item_5']"
225,MPL,4,5,['item_5'],"['item_1', 'item_5', 'item_2', 'item_3', 'item_4']"
226,ADD,8,5,['item_2'],"['item_2', 'item_1', 'item_4', 'item_5', 'item_3']"
226,APP,8,5,['item_2'],"['item_2', 'item_1', 'item_4', 'item_5']"
226,LMS,8,5,['item_2'],"['item_2', 'item_1', 'item_3', 'item_4', 'item_5']"
226,MPL,8,5,['item_2'],"['item_1', 'item_4', 'item_2', 'item_5', 'item_3']"
227,ADD,8,5,"['item_2', 'item_3', 'item_4']","['item_3', 'item_4', 'item_2', 'item_1', 'item_5']"
227,APP,8,5,"['item_1', 'item_2', 'item_3', 'item_4']","['item_3', 'item_4', 'item_2', 'item_5', 'item_1']"
227,LMS,8,5,"['item_1', 'item_2', 'item_3', 'item_4', 'item_5']","['item_3', 'item_4', 'item_2', 'item_1', 'item_5']"
227,MPL,8,5,['item_2'],"['item_1', 'item_2', 'item_4', 'item_5', 'item_3']"
228,ADD,2,5,['item_2'],"['item_3', 'item_5', 'item_4', 'item_1', 'item_2']"
228,APP,2,5,['item_1'],"['item_3', 'item_4', 'item_5']"
228,LMS,2,5,['item_3'],"['item_3', 'item_4', 'item_5', 'item_1', 'item_2']"
228,MPL,2,5,['item_3'],"['item_3', 'item_5', 'item_4', 'item_1', 'item_2']"
229,ADD,8,5,"['item_2', 'item_4']","['item_4', 'item_2', 'item_1', 'item_5', 'item_3']"
229,APP,8,5,"['item_1', 'item_2']","['item_4', 'item_1', 'item_2', 'item_3', 'item_5']"
229,LMS,8,5,"['item_1', 'item_2', 'item_3', 'item_4', 'item_5']","['item_1', 'item_2', 'item_3', 'item_4', 'item_5']"
229,MPL,8,5,['item_2'],"['item_2', 'item_5', 'item_4', 'item_1', 'item_3']"
230,ADD,2,5,['item_4'],"['item_4', 'item_1', 'item_3', 'item_5', 'item_2']"
230,APP,2,5,['item_1'],"['item_4', 'item_1']"
230,LMS,2,5,"['item_1', 'item_2']","['item_4', 'item_3', 'item_1', 'item_5', 'item_2']"
230,MPL,2,5,['item_4'],"['item_4', 'item_1', 'item_3', 'item_5', 'item_2']"
231,ADD,4,5,['item_2'],"['item_3', 'item_5', 'item_1', 'item_2', 'item_4']"
231,APP,4,5,"['item_1', 'item_2']","['item_1', 'item_3', 'item_5']"
231,LMS,4,5,"['item_1', 'item_2']","['item_5', 'item_3', 'item_1', 'item_2', 'item_4']"
231,MPL,4,5,['item_2'],"['item_1', 'item_3', 'item_5', 'item_2', 'item_4']"
232,ADD,8,5,"['item_2', 'item_5']","['item_1', 'item_5', 'item_3', 'item_2', 'item_4']"
232,APP,8,5,"['item_1', 'item_2']","['item_1', 'item_3', 'item_5', 'item_4']"
232,LMS,8,5,"['item_1', 'item_2', 'item_3', 'item_4', 'item_5']","['item_1', 'item_5', 'item_2', 'item_3', 'item_4']"
232,MPL,8,5,['item_2'],"['item_1', 'item_3', 'item_4', 'item_5', 'item_2']"
233,ADD,2,5,['item_2'],"['item_2', 'item_4', 'item_3', 'item_5', 'item_1']"
233,APP,2,5,['item_1'],"['item_2', 'item_4']"
233,LMS,2,5,"['item_1', 'item_2']","['item_2', 'item_1', 'item_3', 'item_5', 'item_4']"
233,MPL,2,5,['item_2'],"['item_4', 'item_2', 'item_3', 'item_5', 'item_1']"
234,ADD,4,5,"['item_1', 'item_2']","['item_1', 'item_5', 'item_2', 'item_4', 'item_3']"
234,APP,4,5,"['item_1', 'item_2']","['item_1', 'item_2', 'item_5']"
234,LMS,4,5,"['item_1', 'item_2', 'item_3', 'item_4', 'item_5']","['item_1', 'item_5', 'item_2', 'item_3', 'item_4']"
234,MPL,4,5,['item_4'],"['item_2', 'item_1', 'item_5', 'item_4', 'item_3']"
235,ADD,8,5,"['item_2', 'item_3', 'item_4', 'item_5']","['item_3', 'item_1', 'item_5', 'item_4', 'item_2']"
235,APP,8,5,"['item_1', 'item_2', 'item_3', 'item_4', 'item_5']","['item_3', 'item_1', 'item_4', 'item_5']"
235,LMS,8,5,"['item_1', 'item_2', 'item_3', 'item_4', 'item_5']","['item_1', 'item_5', 'item_4', 'item_3', 'item_2']"
235,MPL,8,5,['item_5'],"['item_1', 'item_3', 'item_5', 'item_4', 'item_2']"
236,ADD,8,5,['item_3'],"['item_3', 'item_4', 'item_2', 'item_5', 'item_1']"
236,APP,8,5,['item_3'],"['item_3', 'item_4', 'item_5', 'item_2']"
236,LMS,8,5,['item_3'],"['item_1', 'item_2', 'item_3', 'item_4', 'item_5']"
236,MPL,8,5,['item_3'],"['item_3', 'item_4', 'item_5', 'item_2', 'item_1']"
237,ADD,8,5,"['item_2', 'item_3', 'item_4']","['item_2', 'item_4', 'item_3', 'item_5', 'item_1']"
237,APP,8,5,"['item_1', 'item_2']","['item_4', 'item_2', 'item_1', 'item_3', 'item_5']"
237,LMS,8,5,"['item_1', 'item_2', 'item_3', 'item_4', 'item_5']","['item_2', 'item_5', 'item_4', 'item_1', 'item_3']"
237,MPL,8,5,['item_2'],"['item_2', 'item_4', 'item_3', 'item_1', 'item_5']"
238,ADD,2,5,['item_2'],"['item_3', 'item_1', 'item_2', 'item_4', 'item_5']"
238,APP,2,5,"['item_1', 'item_2']","['item_1', 'item_3', 'item_2', 'item_4', 'item_5']"
238,LMS,2,5,"['item_1', 'item_2']","['item_3', 'item_1', 'item_2', 'item_4', 'item_5']"
238,MPL,2,5,['item_2'],"['item_1', 'item_3', 'item_2', 'item_4', 'item_5']"
239,ADD,4,5,['item_2'],"['item_4', 'item_1', 'item_3', 'item_5', 'item_2']"
239,APP,4,5,"['item_1', 'item_2']","['item_3', 'item_4', 'item_1', 'item_2', 'item_5']"
239,LMS,4,5,"['item_1', 'item_2', 'item_3', 'item_4', 'item_5']","['item_1', 'item_4', 'item_2', 'item_3', 'item_5']"
239,MPL,4,5,['item_3'],"['item_5', 'item_4', 'item_1', 'item_3', 'item_2']"
240,ADD,8,5,"['item_1', 'item_2', 'item_3', 'item_4', 'item_5']","['item_2', 'item_3', 'item_1', 'item_4', 'item_5']"
240,APP,8,5,"['item_1', 'item_2']","['item_2', 'item_1', 'item_3', 'item_4', 'item_5']"
240,LMS,8,5,"['item_1', 'item_2', 'item_3', 'item_4', 'item_5']","['item_2', 'item_1', 'item_3', 'item_4', 'item_5']"
240,MPL,8,5,['item_3'],"['item_1', 'item_2', 'item_3', 'item_4', 'item_5']"
241,ADD,2,5,['item_2'],"['item_4', 'item_1', 'item_2', 'item_3', 'item_5']"
241,APP,2,5,['item_1'],"['item_2', 'item_3', 'item_4']"
241,LMS,2,5,"['item_1', 'item_2']","['item_4', 'item_1', 'item_2', 'item_3', 'item_5']"
241,MPL,2,5,['item_4'],"['item_4', 'item_3', 'item_2', 'item_1', 'item_5']"
242,ADD,2,5,['item_2'],"['item_4', 'item_2', 'item_3', 'item_1', 'item_5']"
242,APP,2,5,['item_1'],"['item_2', 'item_3', 'item_4']"
242,LMS,2,5,"['item_1', 'item_2']","['item_4', 'item_3', 'item_2', 'item_1', 'item_5']"
242,MPL,2,5,['item_4'],"['item_2', 'item_4', 'item_3', 'item_1', 'item_5']"
243,ADD,4,5,"['item_4', 'item_5']","['item_4', 'item_5', 'item_2', 'item_3', 'item_1']"
243,APP,4,5,"['item_1', 'item_2', 'item_3', 'item_4', 'item_5']","['item_5', 'item_4', 'item_2', 'item_3', 'item_1']"
243,LMS,4,5,"['item_1', 'item_2', 'item_3', 'item_4', 'item_5']","['item_5', 'item_4', 'item_2', 'item_3', 'item_1']"
243,MPL,4,5,['item_4'],"['item_4', 'item_1', 'item_3', 'item_5', 'item_2']"
244,ADD,8,5,"['item_2', 'item_3', 'item_4', 'item_5']","['item_3', 'item_2', 'item_5', 'item_1', 'item_4']"
244,APP,8,5,"['item_2', 'item_3']","['item_3', 'item_1', 'item_2', 'item_4', 'item_5']"
244,LMS,8,5,"['item_2', 'item_3', 'item_4', 'item_5']","['item_5', 'item_1', 'item_2', 'item_3', 'item_4']"
244,MPL,8,5,['item_4'],"['item_2', 'item_4', 'item_1', 'item_3', 'item_5']"
245,ADD,4,5,['item_4'],"['item_4', 'item_2', 'item_1', 'item_5', 'item_3']"
245,APP,4,5,"['item_2', 'item_4']","['item_2', 'item_4', 'item_5', 'item_1', 'item_3']"
245,LMS,4,5,['item_4'],"['item_2', 'item_1', 'item_3', 'item_5', 'item_4']"
245,MPL,4,5,['item_4'],"['item_2', 'item_4', 'item_3', 'item_1', 'item_5']"
246,ADD,8,5,"['item_4', 'item_5']","['item_1', 'item_5', 'item_3', 'item_4', 'item_2']"
246,APP,8,5,"['item_1', 'item_2', 'item_3', 'item_4', 'item_5']","['item_5', 'item_1', 'item_4', 'item_3', 'item_2']"
246,LMS,8,5,"['item_1', 'item_2', 'item_3', 'item_4', 'item_5']","['item_1', 'item_2', 'item_3', 'item_4', 'item_5']"
246,MPL,8,5,['item_2'],"['item_1', 'item_2', 'item_3', 'item_4', 'item_5']"
247,ADD,2,5,['item_2'],"['item_2', 'item_3', 'item_4', 'item_1', 'item_5']"
247,APP,2,5,['item_1'],"['item_2', 'item_3', 'item_4']"
247,LMS,2,5,['item_2'],"['item_2', 'item_3', 'item_4', 'item_1', 'item_5']"
247,MPL,2,5,['item_2'],"['item_2', 'item_3', 'item_4', 'item_1', 'item_5']"
248,ADD,2,5,['item_4'],"['item_4', 'item_3', 'item_1', 'item_2', 'item_5']"
248,APP,2,5,['item_1'],"['item_4', 'item_1', 'item_3']"
248,LMS,2,5,"['item_1', 'item_2']","['item_4', 'item_5', 'item_2', 'item_1', 'item_3']"
248,MPL,2,5,['item_4'],"['item_4', 'item_3', 'item_1', 'item_2', 'item_5']"
249,ADD,2,5,['item_2'],"['item_2', 'item_4', 'item_3', 'item_5', 'item_1']"
249,APP,2,5,['item_1'],"['item_2', 'item_3', 'item_4']"
249,LMS,2,5,"['item_1', 'item_2']","['item_4', 'item_2', 'item_3', 'item_1', 'item_5']"
249,MPL,2,5,['item_2'],"['item_3', 'item_2', 'item_4', 'item_5', 'item_1']"
250,ADD,4,5,['item_2'],"['item_5', 'item_2', 'item_4', 'item_1', 'item_3']"
250,APP,4,5,"['item_1', 'item_2']","['item_5', 'item_4', 'item_2', 'item_1']"
250,LMS,4,5,"['item_1', 'item_2', 'item_3', 'item_4', 'item_5']","['item_2', 'item_5', 'item_3', 'item_1', 'item_4']"
250,MPL,4,5,['item_4'],"['item_5', 'item_4', 'item_1', 'item_2', 'item_3']"
